Heap Size,Name,Observability,Concurrent Users,Message Size (Bytes),Sleep Time (ms),# Samples,Error Count,Error %,Average (ms),Min (ms),Max (ms),90th Percentile (ms),95th Percentile (ms),99th Percentile (ms),Throughput,Received (KB/sec),Sent (KB/sec),Ballerina GC Throughput (%),Ballerina Footprint (M),Ballerina Average of Footprint After Full GC (M),Ballerina Standard Deviation of Footprint After Full GC (M),Netty Service GC Throughput (%),Netty Service Footprint (M),Netty Service Average of Footprint After Full GC (M),Netty Service Standard Deviation of Footprint After Full GC (M),JMeter Client GC Throughput (%),JMeter Client Footprint (M),JMeter Client Average of Footprint After Full GC (M),JMeter Client Standard Deviation of Footprint After Full GC (M),JMeter Server 01 GC Throughput (%),JMeter Server 01 Footprint (M),JMeter Server 01 Average of Footprint After Full GC (M),JMeter Server 01 Standard Deviation of Footprint After Full GC (M),JMeter Server 02 GC Throughput (%),JMeter Server 02 Footprint (M),JMeter Server 02 Average of Footprint After Full GC (M),JMeter Server 02 Standard Deviation of Footprint After Full GC (M),Ballerina Load Average - Last 1 minute,Ballerina Load Average - Last 5 minutes,Ballerina Load Average - Last 15 minutes,Netty Service Load Average - Last 1 minute,Netty Service Load Average - Last 5 minutes,Netty Service Load Average - Last 15 minutes,JMeter Client Load Average - Last 1 minute,JMeter Client Load Average - Last 5 minutes,JMeter Client Load Average - Last 15 minutes,JMeter Server 01 Load Average - Last 1 minute,JMeter Server 01 Load Average - Last 5 minutes,JMeter Server 01 Load Average - Last 15 minutes,JMeter Server 02 Load Average - Last 1 minute,JMeter Server 02 Load Average - Last 5 minutes,JMeter Server 02 Load Average - Last 15 minutes
1G,passthrough.bal,default,100,50,0,14828857,0,0,5.981981551,0,298,12,19,39,16475.73891,2976.573924,3781.053363,99.51,1022.5,,,99.97,4064.5,,,99.79,2048,,,99.22,4096,12.55,,99.15,4096,13.65,,9.26,9.35,6.98,0.26,0.27,0.2,0.21,0.19,0.1,2.4,2.4,1.83,2.34,2.32,1.74
1G,passthrough.bal,default,100,50,30,2878726,0,0,31.19080871,30,271,32,32,32,3198.403202,577.8365159,734.0085472,99.91,1023,,,99.98,3925.5,,,99.83,2048,,,99.81,4096,13.45,,99.8,4096,14.6,,1.72,1.65,2.02,0,0,0,0,0.01,0.14,0.86,0.43,0.43,0.18,0.23,0.38
1G,passthrough.bal,default,100,50,500,179399,0,0,501.5584089,500,709,502,502,504,199.2522999,35.99772996,45.72684617,99.99,1016,,,0,3925.5,,,99.06,2048,,,99.97,4096,11.05,,99.96,4096,11.2,,0.09,0.11,0.55,0,0,0,0,0,0.05,0,0,0.07,0.05,0.04,0.1
1G,passthrough.bal,default,100,50,1000,89842,0,0,1001.527827,1000,1209,1002,1002,1003,99.74531316,18.02039349,22.89077011,99.99,1003.5,,,0,3925.5,,,98.21,2048,,,99.98,4096,9773.5,,99.98,4096,9787,,0.05,0.05,0.16,0,0,0,0,0,0,0.05,0.01,0,0,0,0
1G,passthrough.bal,default,100,1024,0,14654739,0,0,6.047857557,0,270,13,19,32.99,16282.75386,18461.20829,19256.26458,99.57,1022.5,,,99.97,4088,,,99.81,2048,,,99.24,4096,9666,,99.13,4096,14.1,,9.27,8.69,6.31,0.16,0.13,0.08,0.12,0.16,0.1,2.28,2.94,2.06,2.88,3.39,2.45
1G,passthrough.bal,default,100,1024,30,2872876,0,0,31.25165827,30,267,32,32,33,3191.992231,3619.045906,3774.904875,99.91,1023,,,99.98,3925.5,,,99.79,2048,,,99.83,4096,9361,,99.82,4096,9860,,0.98,1.25,1.68,0,0,0,0.08,0.04,0.17,0.16,0.24,0.4,0.05,0.19,0.45
1G,passthrough.bal,default,100,1024,500,179379,0,0,501.6097648,500,709,502,502,503,199.2227847,225.8766143,235.6042893,99.99,1016.5,,,0,3925.5,,,99.04,2048,,,99.96,4096,11.4,,99.96,4096,11.65,,0.08,0.11,0.42,0,0,0,0,0,0.06,0,0.01,0.09,0,0,0.08
1G,passthrough.bal,default,100,1024,1000,89842,0,0,1001.65761,1000,4350,1002,1002,1003,99.7152009,113.0560041,117.9249104,99.99,1003.5,,,0,3925.5,,,96.38,2048,,,99.98,4096,10185,,99.98,4096,10070,,0.04,0.03,0.11,0,0,0,0,0,0,0,0.01,0.01,0.33,0.11,0.05
1G,passthrough.bal,default,100,10240,0,6586348,0,0,13.58271913,1,496,16,17,36,7319.010197,74356.56351,74533.8265,99.78,1023,,,99.97,4095,,,99.84,2048,,,99.62,4096,11.7,,99.59,4096,12.1,,4.24,4.7,3.64,0.12,0.1,0.08,0.03,0.04,0.01,0.62,0.77,0.56,0.98,0.82,0.59
1G,passthrough.bal,default,100,10240,30,2850502,0,0,31.48342432,30,254,32,32,34,3167.460244,32178.84268,32256.12835,99.91,1023,,,99.97,4064.5,,,99.83,2048,,,99.82,4096,11.2,,99.82,4096,11.1,,1.38,1.47,1.77,0.14,0.19,0.16,0.04,0.04,0.09,0.22,0.25,0.27,0.07,0.16,0.27
1G,passthrough.bal,default,100,10240,500,179259,0,0,501.865725,501,552,502,503,504,199.1045466,2022.741743,2027.599816,99.99,1016.5,,,99.99,3925.5,,,98.93,2048,,,99.96,4096,12,,99.96,4096,12,,0.1,0.05,0.44,0,0,0.01,0,0,0.04,0,0,0.05,0.14,0.05,0.06
1G,passthrough.bal,default,100,10240,1000,89807,0,0,1001.886813,1001,1210,1002,1003,1003,99.69450124,1012.815756,1015.2483,99.99,1003.5,,,99.99,3925.5,,,98.2,2048,,,99.98,4096,9761,,99.98,4096,9738.5,,0.01,0.02,0.1,0,0,0,0.06,0.02,0,0,0,0,0,0,0
1G,passthrough.bal,default,100,102400,0,674918,0,0,133.1727543,11,3806,297,357,549,749.7506082,75200.2403,75113.44252,99.96,1023,,,99.96,4094,,,99.7,2048,,,99.92,4096,9472,,99.92,4096,9158,,1.06,0.85,0.62,0.13,0.16,0.12,0.03,0.02,0,0.1,0.15,0.11,0.07,0.13,0.09
1G,passthrough.bal,default,100,102400,30,674847,0,0,133.195182,36,3643,195,341,425.99,749.6417566,75186.56917,75102.53728,99.96,1023,,,99.96,4094,,,99.69,2048,,,99.92,4096,9026,,99.92,4096,9140.5,,0.73,0.79,0.73,0.18,0.21,0.13,0,0,0,0.13,0.13,0.1,0.09,0.13,0.09
1G,passthrough.bal,default,100,102400,500,178857,0,0,502.9019384,501,725,504,504,506,198.6867304,19919.55554,19905.34472,99.99,1020.5,,,99.97,3955,,,99,2048,,,99.97,4096,9335.5,,99.96,4096,9434.5,,0.26,0.22,0.33,0.01,0.02,0.02,0,0,0,0.03,0.07,0.08,0.07,0.06,0.07
1G,passthrough.bal,default,100,102400,1000,89751,0,0,1002.68387,1001,1208,1003,1004,1004,99.62581073,9988.111439,9980.96904,99.99,1009.5,,,99.98,3925.5,,,98.6,2048,,,99.97,4096,9521,,99.97,4096,9517.5,,0.01,0.06,0.12,0,0,0,0,0,0,0.05,0.04,0.02,0,0.02,0.03
1G,passthrough.bal,default,200,50,0,15236322,0,0,11.70634816,0,501,24,34,66,16928.40025,3058.35356,3884.935603,99.29,1022,,,99.96,4068.5,,,99.81,2048,,,99.19,4096,9795,,99.1,4096,12.35,,9.45,9.56,7.1,0.54,0.64,0.47,0.16,0.13,0.09,3.01,3.56,2.68,3.37,4.36,3.39
1G,passthrough.bal,default,200,50,30,5730612,0,0,31.33768627,30,419,32,32,34,6366.936353,1150.276587,1461.162151,99.75,1022,,,99.97,3925.5,,,99.83,2048,,,99.65,4096,15.25,,99.63,4096,15,,3.45,2.87,2.95,0.03,0.05,0.07,0.1,0.07,0.19,0.42,0.37,0.57,0.45,0.53,0.81
1G,passthrough.bal,default,200,50,500,358739,0,0,501.5729514,500,708,502,503,505,398.4669521,71.98865833,91.44505247,99.98,1021.5,,,99.98,3925.5,,,99.19,2048,,,99.95,4096,10.835,,99.96,4096,10132,,0.08,0.17,0.69,0.07,0.02,0,0,0,0.08,0.21,0.07,0.12,0.48,0.17,0.19
1G,passthrough.bal,default,200,50,1000,179660,0,0,1001.585645,1000,1209,1002,1002,1003,199.4695172,36.03697333,45.77669585,99.98,1015,,,0,3925.5,,,98.85,2048,,,99.96,4096,11.95,,99.96,4096,12,,0,0.03,0.21,0,0,0,0,0,0,0,0.01,0.04,0.02,0.02,0.05
1G,passthrough.bal,default,200,1024,0,15277172,0,0,11.66698601,0,856,23,30,52,16974.42809,19245.42099,20074.25041,99.24,1022,,,99.96,4090,,,99.81,2048,,,99.15,4096,13.95,,99.09,4096,15.05,,8.77,8.73,6.6,0.74,0.51,0.34,0.21,0.17,0.1,4.31,4.22,3.29,4.28,4.44,3.24
1G,passthrough.bal,default,200,1024,30,5717978,0,0,31.40354475,30,271,32,32,35,6352.779491,7202.711903,7512.906214,99.76,1022,,,99.97,3985,,,99.86,2048,,,99.67,4096,11.6,,99.63,4096,14.8,,3.02,2.83,2.77,0.02,0.01,0,0.18,0.1,0.21,0.53,0.41,0.69,0.44,0.53,0.74
1G,passthrough.bal,default,200,1024,500,358800,0,0,501.6044732,500,709,502,502,504,398.4842494,451.7970836,471.2543223,99.98,1021.5,,,99.99,3925.5,,,99.31,2048,,,99.96,4096,10.398,,99.95,4096,11.3,,0.04,0.14,0.63,0,0,0,0.01,0.01,0.09,0.01,0.04,0.15,0.01,0.04,0.15
1G,passthrough.bal,default,200,1024,1000,179682,0,0,1001.644372,1000,1209,1002,1002,1003,199.4385857,226.1212872,235.8594993,99.98,1015,,,99.99,3925.5,,,98.96,2048,,,99.95,4096,12.65,,99.95,4096,12.7,,0.15,0.09,0.21,0,0,0,0,0,0,0.22,0.13,0.1,0,0,0.04
1G,passthrough.bal,default,200,10240,0,6585683,0,0,27.24350519,1,3680,42,54,290,7316.319978,74333.04119,74506.4304,99.6,1022,,,99.95,4095,,,99.86,2048,,,99.61,4096,10.246,,99.58,4096,10.414,,5.17,5.19,3.86,0.35,0.4,0.32,0.1,0.1,0.06,0.67,0.7,0.57,0.73,0.73,0.56
1G,passthrough.bal,default,200,10240,30,5632061,0,0,31.86667154,30,417,32,33,37,6257.636968,63572.56306,63725.23271,99.75,1022,,,99.95,4094,,,99.86,2048,,,99.67,4096,10.163,,99.64,4096,12,,4.13,3.77,3.4,0.59,0.62,0.49,0.02,0.06,0.13,0.61,0.64,0.57,0.85,0.85,0.68
1G,passthrough.bal,default,200,10240,500,358597,0,0,501.8587272,501,710,502,503,504,398.2990511,4046.397446,4056.115728,99.97,1021.5,,,99.97,3925.5,,,99.43,2048,,,99.96,4096,10.135,,99.95,4096,10.41,,0.58,0.36,0.84,0,0,0.06,0,0,0.08,0,0.01,0.09,0.22,0.08,0.15
1G,passthrough.bal,default,200,10240,1000,179599,0,0,1001.904131,1001,1223,1003,1003,1004,199.4332334,2026.081006,2030.947029,99.98,1016,,,99.98,3925.5,,,98.96,2048,,,99.96,4096,11.85,,99.95,4096,11.8,,0,0.06,0.26,0,0,0,0,0,0,0.05,0.05,0.03,0,0,0.04
1G,passthrough.bal,default,200,102400,0,673586,0,0,266.9825026,19,15723,484.9,652,1064.99,747.4273363,74967.59319,74880.68652,99.94,1022,,,99.95,4094,,,99.67,2048,,,99.91,4096,9578.5,,99.91,4096,9245.5,,0.79,0.82,0.66,0.37,0.29,0.16,0,0,0,0.34,0.24,0.14,0.07,0.15,0.11
1G,passthrough.bal,default,200,102400,30,673734,0,0,266.9222304,46,15545,469,598.95,964.97,748.0862971,75033.56567,74946.70423,99.94,1022,,,99.95,4094,,,99.54,2048,,,99.91,4096,9467.5,,99.91,4096,9167.5,,0.75,0.78,0.78,0.19,0.14,0.14,0.01,0,0,0.36,0.22,0.18,0.18,0.19,0.13
1G,passthrough.bal,default,200,102400,500,357507,0,0,503.208877,501,728,504,505,507,397.1607175,39818.03019,39789.37583,99.97,1022,,,99.96,4063,,,99.38,2048,,,99.94,4096,9674.5,,99.94,4096,9667.5,,0.18,0.38,0.5,0.14,0.08,0.08,0,0,0,0.12,0.11,0.12,0.13,0.11,0.09
1G,passthrough.bal,default,200,102400,1000,179376,0,0,1002.914888,1001,1226,1004,1004,1006,199.1836155,19969.35363,19955.12493,99.98,1019.5,,,99.97,3950.5,,,99.04,2048,,,99.96,4096,9643,,99.96,4096,9362.5,,0.53,0.29,0.33,0.05,0.05,0.02,0,0,0,0.01,0.05,0.07,0.16,0.11,0.09
1G,passthrough.bal,default,300,50,0,15261210,0,0,17.57751417,0,363,32,43,74,16955.84497,3063.311835,3891.233953,99.03,1020.5,,,99.96,4072,,,99.82,2048,,,99.14,4096,12.9,,99.1,4096,13.3,,7.28,8.33,6.51,0.83,0.7,0.47,0.23,0.15,0.1,5.52,4.58,3.44,3.55,3.56,2.75
1G,passthrough.bal,default,300,50,30,8462707,0,0,31.82440583,30,528,33,34,45,9402.1198,1698.625159,2157.71304,99.53,1021,,,99.96,3981.5,,,99.85,2048,,,99.5,4096,14.95,,99.51,4096,9468,,4.22,4.41,4.09,0.09,0.06,0.08,0.05,0.07,0.21,0.72,0.71,0.92,0.98,0.89,0.91
1G,passthrough.bal,default,300,50,500,538038,0,0,501.5689728,500,710,502,503,504,597.7522547,107.9923507,137.1794725,99.96,1021,,,99.98,3925.5,,,99.47,2048,,,99.94,4096,11.95,,99.93,4096,12.85,,0.23,0.27,0.87,0,0,0,0,0,0.12,0,0.03,0.18,0.04,0.06,0.2
1G,passthrough.bal,default,300,50,1000,269475,0,0,1001.576235,1000,1208,1002,1002,1004,299.1680248,54.04891073,68.65672444,99.98,1019,,,99.98,3925.5,,,99.19,2048,,,99.96,4096,10.806,,99.96,4096,11.1,,0.01,0.06,0.25,0,0,0,0,0,0.02,0.24,0.1,0.09,0,0.01,0.05
1G,passthrough.bal,default,300,1024,0,15240641,0,0,17.58931957,0,319,31,40,63,16932.93551,19198.37713,20025.18057,99.03,1021,,,99.95,4090,,,99.81,2048,,,99.12,4096,14.95,,99.1,4096,11.65,,9.96,9.04,6.58,0.32,0.73,0.55,0.15,0.13,0.09,3.37,4.62,3.89,8.24,5.51,3.67
1G,passthrough.bal,default,300,1024,30,8419000,0,0,31.98419979,30,321,34,35,46,9355.140883,10606.75646,11063.5504,99.53,1021,,,99.96,4041.5,,,99.85,2048,,,99.5,4096,12.9,,99.5,4096,9986.5,,4.04,4.39,4.14,0.01,0.11,0.13,0.04,0.09,0.22,0.93,0.96,1.17,1.44,1.21,1.26
1G,passthrough.bal,default,300,1024,500,537961,0,0,501.5936955,500,710,502,502,504,597.674013,677.6362588,706.8195602,99.96,1021,,,99.98,3925.5,,,99.48,2048,,,99.92,4096,13.9,,99.92,4096,14.45,,0.09,0.26,0.89,0.21,0.18,0.07,0,0,0.11,0.01,0.04,0.21,0.07,0.08,0.24
1G,passthrough.bal,default,300,1024,1000,269428,0,0,1001.612976,1000,1208,1002,1003,1004,299.1550359,339.1787337,353.7858872,99.98,1019,,,99.99,3925.5,,,99.27,2048,,,99.96,4096,10224,,99.95,4096,11.85,,0,0.08,0.28,0,0,0,0,0,0.01,0,0,0.04,0.04,0.05,0.08
1G,passthrough.bal,default,300,10240,0,6578921,0,0,40.932236,1,3734,66,88,310,7309.73354,74266.04304,74439.35679,99.51,1021,,,99.95,4095,,,99.86,2048,,,99.58,4096,11.45,,99.57,4096,11.6,,5.68,5.4,4.12,0.53,0.51,0.36,0.09,0.08,0.07,0.45,0.66,0.54,1.03,0.94,0.67
1G,passthrough.bal,default,300,10240,30,6585932,0,0,40.90279143,31,307,43,44,50,7318.247025,74347.69179,74526.05467,99.57,1021,,,99.94,4094.5,,,99.86,2048,,,99.58,4096,11.85,,99.57,4096,10.046,,5.1,4.96,4.38,0.83,0.81,0.62,0.07,0.04,0.11,1.12,0.96,0.72,0.71,0.76,0.65
1G,passthrough.bal,default,300,10240,500,537871,0,0,501.838729,500,725,503,503,506,597.4552079,6069.663856,6084.241121,99.96,1021,,,99.97,3925.5,,,99.5,2048,,,99.94,4096,11.35,,99.95,4096,11.2,,0.57,0.41,1.06,0,0.02,0.1,0,0,0.09,0.03,0.04,0.15,0.29,0.19,0.21
1G,passthrough.bal,default,300,10240,1000,269368,0,0,1001.895002,1001,1210,1002,1003,1004,299.1073461,3038.689677,3045.9877,99.98,1019.5,,,99.98,3925.5,,,99.13,2048,,,99.96,4096,10.506,,99.95,4096,10.608,,0.2,0.19,0.39,0,0,0,0,0,0,0.1,0.09,0.09,0.01,0.08,0.11
1G,passthrough.bal,default,300,102400,0,671936,0,0,401.3290671,16,29852,736,973.95,1891.97,744.8121443,74704.29751,74618.68464,99.92,1020.5,,,99.95,4094,,,99.7,2048,,,99.9,4096,9659.5,,99.89,4096,9600.5,,1.3,1.05,0.82,0.39,0.23,0.13,0,0,0,0.18,0.19,0.13,0.14,0.17,0.17
1G,passthrough.bal,default,300,102400,30,672262,2,0.0002975031,401.3042504,47,30031,727,955.95,1811.97,745.100821,74733.24174,74647.38351,99.91,1020.5,22.347,,99.94,4094,,,99.72,2048,,,99.9,4096,9161.5,,99.89,4096,9390.5,,1.16,0.98,0.89,0.32,0.27,0.2,0,0,0,0.12,0.17,0.17,0.04,0.12,0.14
1G,passthrough.bal,default,300,102400,500,536652,0,0,502.8887081,501,839,503,504,505,596.0621062,59758.94453,59716.22599,99.95,1021,,,99.95,4088,,,99.51,2048,,,99.92,4096,9445.5,,99.92,4096,9584.5,,0.61,0.72,0.73,0.12,0.17,0.17,0,0,0,0.18,0.21,0.19,0.24,0.22,0.16
1G,passthrough.bal,default,300,102400,1000,269065,0,0,1002.82583,1001,1213,1004,1004,1007,298.7665809,29953.17805,29931.80153,99.97,1021,,,99.96,4032,,,99.25,2048,,,99.95,4096,9317,,99.95,4096,9345,,0.06,0.19,0.32,0.09,0.05,0.07,0,0,0,0.08,0.09,0.11,0.02,0.05,0.06
1G,passthrough.bal,default,1000,50,0,13709624,0,0,65.44942859,0,974,101,119,161,15237.23277,2752.820374,3496.82588,97.23,1015,,,99.93,4062,,,99.83,2048,,,99.14,4096,13.85,,99.1,4096,13.75,,8.19,8.88,6.9,0.88,2.94,2.21,0.03,0.06,0.08,7.25,8.66,7.01,8.01,9.06,6.37
1G,passthrough.bal,default,1000,50,30,13918251,0,0,64.51162635,31,415,93,112,168,15463.00522,2793.609342,3548.638894,97.46,1016.5,,,99.91,4066,,,99.82,2048,,,99.16,4096,11,,99.07,4096,16.45,,8.55,8.54,7.23,1.85,1.97,1.78,0.25,0.21,0.27,6.46,4.89,4.27,5.02,4.57,4.12
1G,passthrough.bal,default,1000,50,500,1792993,0,0,501.6796083,500,713,502,503,516,1991.72094,359.8323964,457.0843955,99.73,1015,,,99.96,3925.5,,,99.75,2048,,,99.87,4096,11.2,,99.87,4096,9530,,0.44,0.72,1.44,0,0.01,0.22,0.03,0.05,0.21,0.05,0.11,0.6,0.08,0.17,0.6
1G,passthrough.bal,default,1000,50,1000,898323,0,0,1001.559668,1000,1213,1002,1003,1009,997.3343666,180.1824783,228.8804455,99.86,1015,,,99.96,3925.5,,,99.67,2048,,,99.92,4096,10073,,99.91,4096,11.8,,0.12,0.29,0.55,0,0,0.04,0,0.02,0.07,0.06,0.07,0.17,0,0.05,0.16
1G,passthrough.bal,default,1000,1024,0,14444484,0,0,62.14859472,0,395,99,122,157.99,16050.0865,18197.41253,18981.10816,97.14,1015,,,99.91,4088.5,,,99.82,2048,,,99.11,4096,11.15,,99.03,4096,15.8,,9.58,9.64,7.22,3.96,3.9,2.56,0.16,0.14,0.14,7.41,8.31,6.27,8.54,9.91,7.06
1G,passthrough.bal,default,1000,1024,30,14314771,0,0,62.6989066,30,414,89,104,129,15910.62233,18039.28968,18816.17543,97.46,1016.5,,,99.89,4086,,,99.82,2048,,,99.12,4096,11.9,,99.07,4096,10.403,,7.89,8.08,6.87,1.47,2.26,2.19,0.07,0.13,0.26,10.49,10.32,7.93,8.44,9.25,8.05
1G,passthrough.bal,default,1000,1024,500,1792701,0,0,501.6560726,500,714,502,503,511,1991.912132,2258.408215,2355.669524,99.73,1015,,,99.96,3925.5,,,99.75,2048,,,99.84,4096,15.25,,99.84,4096,15.35,,0.8,0.83,1.49,0.01,0.08,0.31,0.04,0.06,0.22,0.26,0.4,1.35,0.56,0.32,1.21
1G,passthrough.bal,default,1000,1024,1000,897741,0,0,1001.649081,1000,1499,1003,1006,1041,996.8022065,1130.163439,1178.835422,99.86,1015,,,99.96,3925.5,,,99.64,2048,,,99.89,4096,15.25,,99.92,4096,10.639,,0.74,0.62,0.77,0,0.02,0.08,0,0.02,0.08,0.1,0.1,0.36,0.47,0.23,0.38
1G,passthrough.bal,default,1000,10240,0,6526543,144,0.0022063748,137.6451068,1,59709,336,633.85,1658.99,7189.928988,73050.70177,73217.70041,98.53,1016,39.882,,99.88,4093.5,,,99.86,2048,,,99.5,4096,11.9,,99.49,4096,11.1,,5.4,5.73,4.44,0.45,0.52,0.41,0.1,0.05,0.05,0.42,0.66,0.65,0.28,0.6,0.64
1G,passthrough.bal,default,1000,10240,30,6531182,7,0.0001071781,137.6586511,32,35772,335,429.95,1027,7222.713479,73383.3474,73553.10101,98.54,1015.5,,,99.87,4094.5,,,99.83,2048,,,99.49,4096,11.7,,99.49,4096,10.114,,6.14,5.75,5.12,1.62,1.3,0.95,0.05,0.08,0.15,0.73,0.87,0.78,1.44,0.97,0.72
1G,passthrough.bal,default,1000,10240,500,1791943,0,0,501.9202709,500,1183,503,504,512,1990.76907,20224.60598,20273.18346,99.71,1015,,,99.94,4004,,,99.74,2048,,,99.85,4096,9665.5,,99.83,4096,11.4,,0.66,0.86,1.59,0.2,0.18,0.27,0.15,0.08,0.14,0.23,0.26,0.28,0.16,0.25,0.31
1G,passthrough.bal,default,1000,10240,1000,898045,0,0,1001.828964,1001,1225,1002,1003,1009,996.97149,10128.42739,10152.75263,99.85,1015,,,99.95,3925.5,,,99.62,2048,,,99.91,4096,10.545,,99.9,4096,10.763,,0.57,0.56,0.73,0.05,0.05,0.08,0,0,0.05,0.12,0.12,0.12,0.13,0.17,0.18
1G,passthrough.bal,default,1000,102400,0,666490,2113,0.317034014,1346.624749,10,89604,2597.8,4616.8,17930.44,725.7970547,72569.28834,72483.35721,99.74,1015,37.244,,99.85,4091,,,99.64,2048,,,99.81,4096,10011,,99.8,4096,10046.5,,0.92,0.91,0.76,1.31,0.65,0.35,0,0,0,0.15,0.18,0.16,0.23,0.26,0.2
1G,passthrough.bal,default,1000,102400,30,666547,2001,0.3002038866,1346.729618,37,87866,2594.4,4587.85,16126.04,720.7542028,72077.21454,71992.65253,99.75,1015,37.331,,99.85,4090.5,,,99.63,2048,,,99.81,4096,10086,,99.79,4096,9998,,0.55,0.79,0.83,0.15,0.27,0.3,0.02,0.01,0,0.11,0.19,0.18,0.11,0.11,0.12
1G,passthrough.bal,default,1000,102400,500,666343,376,0.0564273955,1348.925189,533,65867,2125.8,2932.95,7740.91,730.6640906,73242.93476,73159.96239,99.75,1014.5,36.979,,99.86,4089.5,,,99.51,2048,,,99.82,4096,9456,,99.82,4096,9468.5,,0.87,0.93,0.88,0.33,0.37,0.31,0,0,0,0.09,0.17,0.17,0.13,0.2,0.17
1G,passthrough.bal,default,1000,102400,1000,670765,1,0.0001490835,1340.855678,1014,30285,1654,1881,2650.99,743.8695211,74606.53244,74524.13723,99.8,1014.5,,,99.87,4090.5,,,99.48,2048,,,99.83,4096,9709,,99.82,4096,9483,,0.58,0.77,0.78,0.22,0.28,0.27,0,0.01,0,0.15,0.2,0.18,0.14,0.25,0.22
1G,passthrough.bal,default,2000,50,0,12911214,0,0,139.074155,0,815,236,272,331,14346.86138,2591.962261,3292.492601,94.87,1010.5,,,99.88,4060,,,99.82,2048,,,99.07,4096,10194.5,,98.99,4096,15.25,,9.43,9.56,7.39,3.98,4.04,3,0.19,0.13,0.1,11.64,10.07,6.75,10.88,10.69,7.17
1G,passthrough.bal,default,2000,50,30,13006777,0,0,138.1390442,31,660,211,236,290,14455.50801,2611.590803,3317.426155,94.87,1012.5,,,99.86,4059,,,99.8,2048,,,99.03,4096,20.9,,98.97,4096,15.45,,10.34,10.41,8.46,3.08,4.52,4.06,0.07,0.09,0.2,6.95,9,7.42,7.06,9.51,8.09
1G,passthrough.bal,default,2000,50,500,3567700,0,0,504.3241234,500,1023,510,514,531,3961.338174,715.6714475,909.0961631,98.95,1006.5,,,99.91,3925.5,,,99.81,2048,,,99.72,4096,13.05,,99.68,4096,16.8,,1.68,1.86,2.39,0.11,0.27,0.72,0.21,0.09,0.19,0.47,0.33,1.2,1.2,0.8,1.6
1G,passthrough.bal,default,2000,50,1000,1792839,0,0,1003.501903,1000,2014,1010,1014,1028,1989.320175,359.3986644,456.5334386,99.46,1006.5,,,99.93,3925.5,,,99.72,2048,,,99.85,4096,11.25,,99.8,4096,16.8,,0.16,0.57,1.01,0,0.06,0.18,0,0.01,0.09,0.25,0.19,0.38,0.67,0.4,0.59
1G,passthrough.bal,default,2000,1024,0,13376578,0,0,134.0676914,0,569,214,245,279,14865.01161,16853.78758,17579.61823,94.63,1011,,,99.86,4086.5,,,99.82,2048,,,99,4096,13.4,,98.93,4096,16.9,,9.5,9.04,6.74,3.24,4.3,2.92,0.34,0.16,0.12,10.93,10.11,6.88,3.55,7.96,6.74
1G,passthrough.bal,default,2000,1024,30,13708891,0,0,131.075545,31,605,204,228,271,15235.52064,17273.86671,18017.78857,94.64,1012.5,,,99.84,4086,,,99.82,2048,,,98.97,4096,13.05,,98.9,4096,16.45,,8.88,9.38,7.86,3.05,5.35,4.76,0.14,0.16,0.25,3.86,7.28,6.92,9.72,7.96,6.93
1G,passthrough.bal,default,2000,1024,500,3567149,0,0,504.1435665,500,1085,508,513,527,3963.926112,4494.25607,4687.80715,98.94,1006.5,,,99.91,3925.5,,,99.8,2048,,,99.72,4096,11,,99.7,4096,13,,1.37,1.59,2.16,0.41,0.48,0.91,0,0.04,0.19,0.33,0.58,1.3,0.53,0.63,1.33
1G,passthrough.bal,default,2000,1024,1000,1793385,0,0,1003.366733,1000,2001,1007,1012,1023,1988.813799,2254.895359,2352.005382,99.46,1006.5,,,99.92,3925.5,,,99.73,2048,,,99.83,4096,12.1,,99.83,4096,10.95,,2.39,1.33,1.21,0.02,0.05,0.22,0,0,0.08,0.27,0.24,0.44,0.2,0.23,0.41
1G,passthrough.bal,default,2000,10240,0,6463637,1447,0.022386777,277.6756229,1,60007,795,1617.95,7149.83,7047.85483,71597.6284,71756.42286,97.44,1011,74.861,,99.8,4094,,,99.85,2048,,,99.35,4096,13.35,,99.29,4096,11.15,,3.55,5.41,4.58,0.57,0.69,0.57,0.19,0.09,0.09,0.44,0.76,0.68,0.61,1.1,0.97
1G,passthrough.bal,default,2000,10240,30,6463781,901,0.0139392099,278.0075128,31,59695,769,1177.7,7291.82,7024.291353,71361.35728,71522.55845,97.43,1012,64.426,,99.79,4094,,,99.82,2048,,,99.33,4096,12.7,,99.29,4096,11.35,,4.75,5.9,5.33,0.55,1,0.91,0.03,0.04,0.11,0.38,0.82,0.8,0.7,1.06,0.99
1G,passthrough.bal,default,2000,10240,500,3567189,0,0,504.3435733,501,13882,511,517,529.99,3960.867547,40239.21129,40335.866,98.88,1006.5,,,99.86,4080.5,,,99.8,2048,,,99.62,4096,12.25,,99.61,4096,13.1,,2.24,2.09,2.43,0.69,0.39,0.41,0.05,0.08,0.14,0.46,0.54,0.58,0.37,0.54,0.61
1G,passthrough.bal,default,2000,10240,1000,1792540,0,0,1003.309073,1001,2045,1002,1003,1022,1989.51822,20211.89813,20260.44531,99.43,1006.5,,,99.89,4011.5,,,99.73,2048,,,99.79,4096,12.25,,99.79,4096,11.25,,0.44,0.62,1.07,0.36,0.22,0.19,0,0.01,0.07,0.01,0.28,0.36,0.43,0.36,0.36
1G,passthrough.bal,default,2000,102400,0,667687,14989,2.244914159,2680.157139,12,93733,8072.6,17364.15,30030,722.3321494,70858.85461,70798.76258,99.4,1010,94.369,,99.75,4087,,,99.69,2048,,,99.69,4096,10.023,,99.68,4096,9943.5,,0.77,0.95,0.93,0.33,0.38,0.35,0,0.02,0,0.05,0.14,0.16,0.2,0.18,0.18
1G,passthrough.bal,default,2000,102400,30,3133794,3133794,100,572.2966816,0,37352,3048,7184.95,10009,3431.752477,8513.503272,0,99.54,1023.5,18.713,,99.54,1023.5,18.713,,99.83,2048,,,99.31,4096,12.45,,99.27,4096,14.2,,1.27,1.39,1.28,0,0,0.06,0.19,0.07,0.01,0.88,1.4,1.04,0.71,0.94,0.79
1G,passthrough.bal,default,2000,102400,500,664860,9425,1.417591673,2696.654237,514,84082,5782.8,12026.95,30030,719.8196716,71196.1215,71096.65247,99.42,1008.5,93.005,,99.75,4090,,,99.5,2048,,,99.7,4096,10151.5,,99.69,4096,10.4,,0.79,1.14,1.15,0.3,0.32,0.27,0.02,0.01,0.04,0.1,0.16,0.34,0.21,0.21,0.31
1G,passthrough.bal,default,2000,102400,1000,3141075,3141075,100,570.9681857,0,37424,3050,7203,10010,3449.017037,8557.104067,0,99.56,1023.5,18.563,,99.56,1023.5,18.563,,99.82,2048,,,99.29,4096,16.15,,99.27,4096,11.1,,0.91,1.29,1.32,0,0,0.04,0.04,0.05,0.06,1.24,1.55,1.15,1.12,1.19,0.98
1G,https_passthrough.bal,default,100,50,0,12191814,0,0,7.288438292,0,282,16,20,31,13547.92016,2474.083077,3109.141835,99.58,1022.5,15.145,,99.97,4045,,,99.82,2048,,,99.35,4096,13.4,,99.27,4096,17.05,,7.58,8,6.35,0.19,0.15,0.1,0.05,0.07,0.08,2.56,2.36,1.8,3.18,3.03,2.16
1G,https_passthrough.bal,default,100,50,30,2872846,0,0,31.24496545,30,270,32,32,33,3192.345516,582.9771597,732.6183558,99.9,1023,16.266,,99.98,3925.5,,,99.85,2048,,,99.82,4096,12.7,,99.8,4096,14.35,,1.16,1.45,1.91,0,0,0,0.07,0.04,0.14,0.2,0.18,0.4,0.3,0.33,0.52
1G,https_passthrough.bal,default,100,50,500,179329,0,0,501.7226885,500,708,502,503,504,199.1909247,36.37568644,45.71276103,99.98,1016,17.066,,0,3925.5,,,99.04,2048,,,99.95,4096,14.55,,99.95,4096,14.45,,0.01,0.09,0.49,0,0,0,0,0,0.06,0.02,0.04,0.08,0,0.01,0.1
1G,https_passthrough.bal,default,100,50,1000,89821,0,0,1001.664355,1000,1210,1002,1003,1003,99.7066114,18.20814095,22.88188836,99.98,1008.5,17.394,,0,3925.5,,,98.3,2048,,,99.97,4096,13.45,,99.96,4096,13.45,,0,0.04,0.15,0,0,0,0,0,0,0.06,0.04,0.01,0.03,0.01,0.02
1G,https_passthrough.bal,default,100,1024,0,10548038,0,0,8.43206547,0,256,17,21,35,11721.09712,13312.14451,13861.57091,99.6,1022.5,15.15,,99.97,4069,,,99.85,2048,,,99.43,4096,11.7,,99.39,4096,12.9,,8.78,8.58,6.38,0.42,0.21,0.08,0.19,0.14,0.04,2.83,2.17,1.51,3.01,2.93,2.07
1G,https_passthrough.bal,default,100,1024,30,2865200,0,0,31.32776176,30,270,32,32,34,3183.838563,3616.019775,3765.262207,99.88,1023,16.28,,99.98,3925.5,,,99.79,2048,,,99.82,4096,12.6,,99.8,4096,13.95,,1.48,1.55,2.07,0,0,0,0,0.04,0.14,0.23,0.26,0.41,0.64,0.42,0.58
1G,https_passthrough.bal,default,100,1024,500,179300,0,0,501.764077,500,709,502,503,504,199.1419017,226.173859,235.5086356,99.98,1016.5,16.965,,0,3925.5,,,98.93,2048,,,99.95,4096,15.05,,99.94,4096,15.3,,0.48,0.31,0.61,0,0,0,0.01,0.01,0.06,0.02,0.02,0.08,0.07,0.02,0.12
1G,https_passthrough.bal,default,100,1024,1000,89824,0,0,1001.749733,1000,1205,1002,1003,1004,99.71293013,113.2481814,117.922225,99.98,1009.5,17.382,,0,3925.5,,,98.74,2048,,,99.96,4096,13.9,,99.96,4096,13.9,,0,0.05,0.2,0,0,0,0,0,0,0.08,0.02,0.01,0,0,0.01
1G,https_passthrough.bal,default,100,10240,0,5261054,0,0,17.00218321,1,269,27,31,42,5845.323289,59395.10925,59526.39772,99.66,1022.5,15.18,,99.97,4093.5,,,99.86,2048,,,99.69,4096,11.5,,99.68,4096,11.1,,8.46,8.37,6.22,0.29,0.39,0.29,0,0.04,0.02,2.22,2.3,1.64,2.12,2.09,1.49
1G,https_passthrough.bal,default,100,10240,30,2793667,0,0,32.12422311,31,284,33,33,35,3104.329689,31543.533,31613.23242,99.83,1023,16.324,,99.97,4064.5,,,99.83,2048,,,99.82,4096,12.25,,99.81,4096,13.05,,3.08,3.2,3.49,0.3,0.26,0.23,0.01,0.02,0.08,0.71,0.61,0.74,0.54,0.52,0.65
1G,https_passthrough.bal,default,100,10240,500,179150,0,0,502.2058219,501,555,503,503,505,198.9715453,2021.777824,2026.245386,99.97,1020.5,16.983,,99.99,3925.5,,,99.1,2048,,,99.95,4096,13.2,,99.95,4096,13.15,,0.15,0.15,0.84,0.01,0,0.02,0,0,0.04,0.04,0.1,0.19,0.01,0.03,0.16
1G,https_passthrough.bal,default,100,10240,1000,89784,0,0,1002.212298,1001,1208,1003,1003,1004,99.66244154,1012.68395,1014.921817,99.98,1014.5,17.488,,99.99,3925.5,,,98.6,2048,,,99.98,4096,10.024,,99.96,4096,13.25,,0.02,0.11,0.29,0,0,0,0,0,0,0,0,0.04,0.15,0.05,0.06
1G,https_passthrough.bal,default,100,102400,0,668022,0,0,134.5327759,11,3762,224,351,478,742.1130863,74416.05197,74348.28068,99.75,1022.5,15.811,,99.96,4094,,,99.58,2048,,,99.9,4096,10.924,,99.9,4096,10.803,,3.5,3.62,2.69,0.23,0.26,0.19,0,0,0,0.91,0.86,0.66,0.65,0.8,0.63
1G,https_passthrough.bal,default,100,102400,30,667877,0,0,134.5256971,39,1963,183,331,410,741.9923943,74401.9063,74336.1892,99.75,1022.5,15.779,,99.96,4094,,,99.7,2048,,,99.9,4096,11.05,,99.89,4096,11.15,,3.66,3.72,3.42,0.39,0.35,0.29,0,0,0,0.85,0.84,0.78,1.14,0.96,0.85
1G,https_passthrough.bal,default,100,102400,500,177863,0,0,505.8533253,503,733,508,508,511,197.5221856,19802.54206,19788.67529,99.93,1022.5,17.023,,99.97,3955,,,98.94,2048,,,99.96,4096,10.789,,99.96,4096,10.806,,0.89,0.79,1.35,0.08,0.05,0.08,0.01,0,0,0.36,0.33,0.4,0.25,0.27,0.4
1G,https_passthrough.bal,default,100,102400,1000,89422,0,0,1005.894377,1003,1225,1008,1009,1010,99.26094321,9951.346303,9944.414945,99.96,1022.5,17.531,,99.98,3925.5,,,98.9,2048,,,99.97,4096,11.05,,99.97,4096,11.05,,0.31,0.29,0.58,0,0,0,0,0,0,0.06,0.13,0.18,0.2,0.15,0.2
1G,https_passthrough.bal,default,200,50,0,12502633,0,0,14.27659294,0,274,27,32,46,13899.21191,2538.234988,3189.760547,99.33,1021.5,16.259,,99.97,4051,,,99.81,2048,,,99.29,4096,17.75,,99.26,4096,18,,8.7,8.39,6.17,0.51,0.49,0.43,0.15,0.08,0.02,3.83,3.74,2.58,2.39,3.38,2.65
1G,https_passthrough.bal,default,200,50,30,5702448,0,0,31.48925041,30,272,32,33,37,6335.433869,1156.959115,1453.932577,99.71,1022,16.424,,99.97,3925.5,,,99.86,2048,,,99.67,4096,13.5,,99.65,4096,15.8,,3.51,3.26,3.19,0,0,0.05,0.07,0.08,0.17,0.59,0.52,0.72,0.41,0.6,0.82
1G,https_passthrough.bal,default,200,50,500,358662,0,0,501.7007879,500,713,502,503,505,398.3849648,72.75194182,91.42623705,99.97,1020.5,17.156,,99.98,3925.5,,,99.32,2048,,,99.96,4096,17.35,,99.96,4096,10.95,,0.02,0.14,0.74,0,0,0,0,0,0.09,0.17,0.11,0.17,0.1,0.09,0.18
1G,https_passthrough.bal,default,200,50,1000,179544,0,0,1001.74599,1000,1213,1002,1003,1004,199.4005013,36.41395874,45.76085724,99.98,1013,17.483,,99.99,3925.5,,,99.09,2048,,,99.97,4096,11.6,,99.97,4096,11.85,,0.02,0.09,0.26,0,0,0,0.02,0.01,0,0.01,0.01,0.06,0,0,0.05
1G,https_passthrough.bal,default,200,1024,0,11078359,0,0,16.12145012,0,269,27,33,45,12317.43097,13989.42604,14566.80557,99.35,1021.5,16.27,,99.96,4072.5,,,99.82,2048,,,99.36,4096,16.85,,99.34,4096,15.45,,8.29,8.14,6.05,0.16,0.29,0.26,0.17,0.14,0.1,2.34,3.42,2.82,1.62,3.4,2.84
1G,https_passthrough.bal,default,200,1024,30,5661483,0,0,31.70687044,30,314,32,33,39.99,6291.053931,7145.015432,7439.908506,99.69,1022,16.373,,99.97,3968.5,,,99.86,2048,,,99.64,4096,18.2,,99.66,4096,13.4,,3.51,3.75,3.64,0.07,0.02,0.02,0.07,0.08,0.17,0.68,0.7,0.95,0.74,0.72,0.95
1G,https_passthrough.bal,default,200,1024,500,358485,0,0,501.6568308,500,713,502,502,504,398.4920031,452.5841794,471.263492,99.96,1020.5,17.104,,99.99,3925.5,,,99.3,2048,,,99.96,4096,12.25,,99.96,4096,12.95,,0.18,0.15,0.76,0,0,0,0,0,0.08,0.1,0.08,0.22,0.01,0.04,0.21
1G,https_passthrough.bal,default,200,1024,1000,179437,0,0,1001.745214,1000,1208,1002,1002,1003,199.4271819,226.4978638,235.8460129,99.98,1015,17.511,,99.99,3925.5,,,98.88,2048,,,99.97,4096,12.2,,99.97,4096,11.3,,0.03,0.06,0.26,0,0,0,0,0,0,0.02,0.02,0.07,0,0.01,0.06
1G,https_passthrough.bal,default,200,10240,0,5298249,0,0,33.85041096,1,278,49,55,70,5886.734027,59815.88815,59948.10785,99.47,1021.5,16.312,,99.96,4093.5,,,99.86,2048,,,99.66,4096,14.05,,99.66,4096,12.6,,8.07,8.13,6.13,0.63,0.56,0.48,0.04,0.04,0,2.87,2.91,2.06,2.19,2.05,1.56
1G,https_passthrough.bal,default,200,10240,30,4564517,0,0,39.29932214,31,273,47,50,57,5074.99558,51567.73201,51681.69327,99.55,1022,16.491,,99.96,4090.5,,,99.85,2048,,,99.71,4096,13.55,,99.7,4096,13.9,,5.83,6.1,5.73,0.88,0.78,0.62,0.08,0.06,0.09,2.07,2.02,1.75,1.69,1.62,1.38
1G,https_passthrough.bal,default,200,10240,500,358150,0,0,502.3451208,501,707,503,504,506,397.8255388,4042.360915,4051.293671,99.95,1021,17.084,,99.97,3925.5,,,99.43,2048,,,99.95,4096,14.15,,99.94,4096,14.05,,0.4,0.4,1.38,0,0.01,0.11,0,0,0.05,0.05,0.12,0.42,0.12,0.09,0.34
1G,https_passthrough.bal,default,200,10240,1000,179444,0,0,1002.249097,1001,1207,1003,1003,1004,199.3175547,2025.293733,2029.769005,99.97,1020,17.576,,99.98,3925.5,,,98.99,2048,,,99.96,4096,13.4,,99.96,4096,13.35,,0.1,0.13,0.45,0,0,0,0,0,0,0.02,0.04,0.11,0,0.02,0.1
1G,https_passthrough.bal,default,200,102400,0,667198,0,0,269.5103672,35,14585,477,610,973,740.8808202,74294.65315,74224.82663,99.59,1021.5,16.569,,99.95,4094,,,99.62,2048,,,99.88,4096,12.1,,99.88,4096,12.2,,4.29,3.94,3.13,0.2,0.28,0.19,0,0,0,0.64,0.9,0.75,0.88,0.95,0.75
1G,https_passthrough.bal,default,200,102400,30,667454,0,0,269.4451483,50,16999,466,554.95,926,741.3058544,74336.80692,74267.4085,99.61,1021.5,16.503,,99.95,4093.5,,,99.71,2048,,,99.88,4096,12.45,,99.87,4096,12.3,,4.31,4.03,3.69,0.3,0.3,0.24,0,0,0,0.73,0.8,0.81,0.78,1.01,0.92
1G,https_passthrough.bal,default,200,102400,500,354826,0,0,506.7492799,503,733,509,510,514,394.2664437,39526.69299,39499.41425,99.84,1022,16.985,,99.96,4063,,,99.4,2048,,,99.93,4096,12,,99.93,4096,12.1,,1.43,1.54,2.02,0.07,0.1,0.12,0,0,0,0.2,0.41,0.54,0.86,0.62,0.69
1G,https_passthrough.bal,default,200,102400,1000,178647,0,0,1006.703745,1003,1231,1009,1010,1014,198.4201647,19892.33407,19878.63894,99.91,1022,17.11,,99.97,3968,,,99.27,2048,,,99.95,4096,12.05,,99.95,4096,12.05,,0.38,0.64,0.98,0.03,0.03,0.04,0,0,0,0.11,0.26,0.33,0.29,0.31,0.37
1G,https_passthrough.bal,default,300,50,0,12610472,0,0,21.29174919,0,292,36,42,69,14011.52658,2558.745576,3215.535884,99.08,1020.5,16.39,,99.96,4049.5,,,99.81,2048,,,99.3,4096,13.6,,99.25,4096,18.6,,8.64,8.06,5.99,0.6,0.64,0.5,0.08,0.12,0.09,6.1,6.09,4.1,5.98,4.76,3.33
1G,https_passthrough.bal,default,300,50,30,8267270,0,0,32.55779102,30,273,35,37,64,9189.796957,1678.214874,2108.986606,99.45,1021,16.472,,99.97,3981.5,,,99.85,2048,,,99.5,4096,18.85,,99.51,4096,13.65,,5.07,5.09,4.55,0.07,0.06,0.09,0.14,0.11,0.18,0.75,1.13,1.44,1.14,1.18,1.27
1G,https_passthrough.bal,default,300,50,500,537526,0,0,501.6930493,500,710,502,503,507,597.4960845,109.1130545,137.1206835,99.94,1020,17.272,,99.98,3925.5,,,99.51,2048,,,99.95,4096,11.25,,99.94,4096,14.2,,0.17,0.23,0.94,0.01,0.02,0,0.08,0.02,0.11,0.06,0.04,0.26,0.03,0.07,0.25
1G,https_passthrough.bal,default,300,50,1000,269371,0,0,1001.711417,1000,1208,1002,1003,1005,299.1319354,54.62663273,68.6484422,99.96,1017,17.95,,99.98,3925.5,,,99.2,2048,,,99.97,4096,11.5,,99.96,4096,12.35,,0.03,0.09,0.28,0.21,0.05,0.02,0,0,0.01,0,0,0.06,0,0.03,0.07
1G,https_passthrough.bal,default,300,1024,0,11052364,0,0,24.2534285,0,394,39,45,56,12289.63533,13957.85733,14533.93396,99.09,1020.5,16.513,,99.96,4072,,,99.83,2048,,,99.35,4096,16.8,,99.34,4096,16,,8.07,8.19,6.11,0.32,0.58,0.41,0.1,0.11,0.09,4.22,4.11,3.21,3.58,4.22,3.35
1G,https_passthrough.bal,default,300,1024,30,7975938,0,0,33.74710084,30,274,37,40,49,8864.714251,10068.02998,10483.56344,99.39,1021,16.498,,99.96,4032.5,,,99.83,2048,,,99.51,4096,18.75,,99.52,4096,15.15,,6.13,5.71,5.05,0.04,0.13,0.16,0.13,0.11,0.19,1.87,1.38,1.45,1.55,1.41,1.55
1G,https_passthrough.bal,default,300,1024,500,537549,0,0,501.7562213,500,710,502,503,507,597.558183,678.6720379,706.6825777,99.94,1020,17.265,,99.98,3925.5,,,99.49,2048,,,99.92,4096,18.4,,99.92,4096,17.8,,0.14,0.32,1.12,0,0,0,0.04,0.02,0.12,0.05,0.04,0.26,0.01,0.04,0.29
1G,https_passthrough.bal,default,300,1024,1000,269340,0,0,1001.793495,1000,1208,1002,1003,1005,299.1456789,339.7523677,353.7748214,99.96,1018.5,17.673,,99.98,3925.5,,,99.18,2048,,,99.97,4096,11.25,,99.96,4096,13.35,,0.24,0.21,0.4,0,0,0,0,0,0.02,0.09,0.07,0.09,0.01,0.04,0.09
1G,https_passthrough.bal,default,300,10240,0,5328114,0,0,50.5399237,1,370,73,82,99,5919.70571,60150.91714,60283.87807,99.27,1020,16.584,,99.95,4093.5,,,99.86,2048,,,99.64,4096,14.15,,99.61,4096,15.85,,7.1,7.92,6.11,0.78,0.71,0.48,0.01,0.04,0.02,4.39,3.3,2.35,2.8,2.89,2.06
1G,https_passthrough.bal,default,300,10240,30,5036206,0,0,53.44708735,31,290,69,75,88,5599.747822,56899.79706,57025.55692,99.35,1020.5,16.58,,99.95,4092.5,,,99.83,2048,,,99.66,4096,14.9,,99.64,4096,15.65,,7.21,7.24,6.45,0.5,0.6,0.57,0.11,0.06,0.09,2.11,2.72,2.43,1.73,2.02,1.94
1G,https_passthrough.bal,default,300,10240,500,537339,0,0,502.2498051,501,708,503,504,509,596.717128,6063.326832,6076.724815,99.92,1020.5,17.474,,99.97,3925.5,,,99.52,2048,,,99.94,4096,13.55,,99.94,4096,14.3,,0.31,0.39,1.59,0,0,0.1,0,0,0.07,0.07,0.14,0.57,0.05,0.13,0.5
1G,https_passthrough.bal,default,300,10240,1000,269359,0,0,1002.210916,1001,1227,1003,1003,1006,298.9466464,3037.639408,3044.3512,99.95,1020,17.842,,99.98,3925.5,,,99.27,2048,,,99.95,4096,15.35,,99.95,4096,15.3,,0.33,0.25,0.54,0,0,0,0,0,0,0.04,0.03,0.15,0.05,0.13,0.19
1G,https_passthrough.bal,default,300,102400,0,665738,9,0.0013518832,405.0920452,18,31705,736,958,1791.98,737.8078041,73986.07552,73915.95856,99.42,1020.5,17.019,,99.94,4093.5,,,99.66,2048,,,99.87,4096,13.45,,99.86,4096,13.5,,4.3,4.35,3.5,0.22,0.25,0.19,0,0,0,1.29,1.14,0.88,0.9,0.88,0.75
1G,https_passthrough.bal,default,300,102400,30,665854,3,0.0004505492,404.9982278,63,58548,720,932,1635.9,738.8231273,74088.35499,74018.34406,99.45,1020.5,16.768,,99.94,4094,,,99.7,2048,,,99.86,4096,13.6,,99.86,4096,13.35,,4.78,4.59,4.19,0.32,0.3,0.26,0,0,0,0.86,0.98,0.99,1.25,1.17,1.03
1G,https_passthrough.bal,default,300,102400,500,532248,0,0,506.4574597,503,733,509,511,515,591.7627648,59326.76044,59285.49832,99.7,1021,17.189,,99.95,4088.5,,,99.45,2048,,,99.89,4096,13.35,,99.89,4096,13.55,,2.08,2.33,2.71,0.4,0.23,0.19,0,0,0,0.93,0.91,0.91,0.71,0.8,0.83
1G,https_passthrough.bal,default,300,102400,1000,268216,0,0,1006.147448,1003,1576,1008,1009,1011,297.7336076,29849.15001,29828.31354,99.84,1021,17.289,,99.96,4031.5,,,99.35,2048,,,99.93,4096,13.2,,99.93,4096,13.45,,0.38,0.91,1.35,0.12,0.11,0.09,0,0,0,0.6,0.48,0.52,0.31,0.4,0.49
1G,https_passthrough.bal,default,1000,50,0,11696452,0,0,76.75896699,1,485,117,149,211,13001.54732,2374.306005,2983.753535,97.53,1014.5,18.519,,99.93,4039,,,99.81,2048,,,99.27,4096,23.35,,99.23,4096,23.3,,8.95,9.2,6.77,1.26,1.42,1.16,0.1,0.09,0.08,1.99,3.98,3.4,3.61,5.19,4.21
1G,https_passthrough.bal,default,1000,50,30,11677609,0,0,76.90318438,31,413,111,129,218.98,12977.05325,2369.832967,2978.132338,97.62,1016.5,18.595,,99.92,4039,,,99.81,2048,,,99.25,4096,22.85,,99.22,4096,23.45,,8.64,8.45,7.16,1.95,2.13,1.59,0.09,0.13,0.2,6.88,7.59,6.09,6.33,6.73,5.83
1G,https_passthrough.bal,default,1000,50,500,1790054,0,0,502.6599024,500,748,506,510,536,1987.868814,363.0190118,456.2003625,99.68,1015,20.001,,99.96,3925.5,,,99.74,2048,,,99.83,4096,28.2,,99.85,4096,22.1,,0.83,0.96,1.71,0.01,0.06,0.26,0,0.02,0.15,0.28,0.26,1.05,0.6,0.44,1.06
1G,https_passthrough.bal,default,1000,50,1000,898209,0,0,1001.984288,1000,1469,1004,1007,1024,997.0804994,182.0840365,228.8221849,99.83,1015,20.585,,99.96,3925.5,,,99.62,2048,,,99.88,4096,28.1,,99.92,4096,19,,2.52,0.94,0.87,0.08,0.03,0.06,0,0.01,0.06,0.38,0.25,0.36,0.18,0.07,0.28
1G,https_passthrough.bal,default,1000,1024,0,10553274,0,0,85.0107,1,414,128,145,181,11742.31228,13336.23944,13886.66033,97.55,1014.5,19.096,,99.93,4071.5,,,99.83,2048,,,99.31,4096,22.95,,99.28,4096,24.15,,9.14,8.74,6.64,1.1,1.78,1.36,0.11,0.12,0.09,4.4,4.87,3.83,2.83,4.51,3.61
1G,https_passthrough.bal,default,1000,1024,30,10705441,0,0,83.84129397,31,411,119,133,164,11896.58675,13511.45548,14069.10796,97.58,1016.5,18.671,,99.91,4071,,,99.83,2048,,,99.3,4096,24.1,,99.24,4096,27.6,,8.46,8.1,6.88,2.22,1.77,1.42,0.03,0.09,0.19,6.65,7.2,5.77,5.82,5.86,4.91
1G,https_passthrough.bal,default,1000,1024,500,1790734,0,0,501.8402074,500,710,503,505,514,1991.286411,2261.58801,2354.929535,99.64,1015,20.086,,99.95,3925.5,,,99.71,2048,,,99.85,4096,23.3,,99.83,4096,24.85,,0.61,1,1.77,0.12,0.09,0.26,0,0.02,0.14,0.22,0.23,1.03,0.41,0.35,0.96
1G,https_passthrough.bal,default,1000,1024,1000,897587,0,0,1001.761132,1000,1209,1002,1004,1023,996.9544467,1132.283224,1179.015464,99.81,1015,20.756,,99.96,3925.5,,,99.61,2048,,,99.92,4096,20.35,,99.91,4096,22.55,,0.44,0.52,0.78,0.01,0.02,0.05,0.02,0.01,0.05,0.53,0.27,0.36,0.01,0.07,0.28
1G,https_passthrough.bal,default,1000,10240,0,5190403,0,0,173.0668948,2,814,227,249,295,5771.250507,58642.44353,58772.0706,97.97,1014,19.223,,99.91,4093,,,99.86,2048,,,99.55,4096,22.45,,99.54,4096,21.95,,8.42,8.15,6.21,0.17,0.43,0.37,0.08,0.07,0.08,5.4,4.56,3.06,4.56,4.9,3.3
1G,https_passthrough.bal,default,1000,10240,30,5195681,0,0,172.8251357,35,492,229,252,287,5779.664034,58727.93774,58857.75053,97.97,1015,19.389,,99.9,4093,,,99.83,2048,,,99.55,4096,22.25,,99.53,4096,24.35,,7.5,8.03,7.21,0.64,0.68,0.62,0.1,0.09,0.13,2.66,2.93,2.88,2.76,2.96,2.99
1G,https_passthrough.bal,default,1000,10240,500,1790558,0,0,502.3765106,501,723,504,506,515,1988.963029,20210.13457,20254.79147,99.43,1015,20.17,,99.94,4005,,,99.72,2048,,,99.82,4096,22.65,,99.82,4096,23.8,,1.76,1.7,2.65,0.18,0.13,0.22,0.03,0.03,0.09,0.49,0.43,0.84,0.3,0.44,0.9
1G,https_passthrough.bal,default,1000,10240,1000,896229,0,0,1002.350277,1001,1226,1003,1005,1013,996.3746123,10124.30393,10146.67427,99.7,1015,20.602,,99.95,3925.5,,,99.6,2048,,,99.88,4096,23.2,,99.88,4096,22.6,,0.12,0.47,1.06,0.16,0.1,0.09,0,0,0.04,0.33,0.22,0.32,0.1,0.24,0.35
1G,https_passthrough.bal,default,1000,102400,0,659375,2042,0.3096872038,1360.775318,30,79160,2599.9,4467.6,18912.35,711.745981,71157.49384,71085.24797,98.6,1017.5,125.028,,99.85,4091,,,99.66,2048,,,99.73,4096,40.9,,99.72,4096,40.6,,3.28,4.25,3.69,0.46,0.43,0.29,0.01,0,0,0.57,0.93,0.86,0.79,1.12,0.98
1G,https_passthrough.bal,default,1000,102400,30,659949,1884,0.285476605,1360.347634,51,63472,2619,4513,16080.08,713.7014226,71369.90282,71298.07428,98.62,1017.5,105.332,,99.85,4090.5,,,99.66,2048,,,99.69,4096,40.55,,99.73,4096,39.9,,4.32,4.52,4.26,0.2,0.38,0.36,0,0,0,1.65,1.05,0.96,0.99,0.81,0.88
1G,https_passthrough.bal,default,1000,102400,500,659751,336,0.0509283048,1362.481451,530,67809,2189,2900.85,7628.87,716.57621,71821.38324,71753.42714,98.55,1016.5,75.857,,99.86,4089.5,,,99.42,2048,,,99.74,4096,25.6,,99.74,4096,25.85,,4.44,4.58,4.36,0.05,0.19,0.26,0.08,0.02,0.01,1.13,1,0.97,0.88,0.93,0.94
1G,https_passthrough.bal,default,1000,102400,1000,663596,6,0.0009041646,1354.399596,1010,35187,1665,1890,2732.95,733.7246703,73575.30343,73507.22619,98.5,1016,71.79,,99.86,4090.5,,,99.47,2048,,,99.76,4096,22.05,,99.76,4096,21.7,,4.26,4.34,4.18,0.21,0.26,0.26,0.02,0.01,0,1.21,1.11,1.01,1.39,1.07,0.96
1G,https_passthrough.bal,default,2000,50,0,11078318,0,0,162.0051427,1,590,247,283,345,12324.57948,2250.680041,2828.394704,95.23,1009,21.962,,99.89,4046.5,,,99.83,2048,,,99.18,4096,35.8,,99.15,4096,34.95,,8.36,8.57,6.85,1.74,3.52,2.68,0.26,0.12,0.1,7.19,6.92,5.07,11,8.54,5.78
1G,https_passthrough.bal,default,2000,50,30,11019366,0,0,162.8146208,33,652,229,250,318,12261.35548,2239.134253,2813.885291,95.15,1010,22.171,,99.88,4045,,,99.83,2048,,,99.15,4096,41.45,,99.12,4096,36.35,,7.82,8.33,7.4,3.93,4.69,3.66,0.01,0.07,0.18,5.44,5.59,4.99,9.58,6.22,4.94
1G,https_passthrough.bal,default,2000,50,500,3570883,0,0,502.8830847,500,1123,506,518,575,3972.878735,725.5159408,911.7446315,98.76,1006.5,22.372,,99.92,3925.5,,,99.81,2048,,,99.69,4096,40.05,,99.67,4096,39.5,,1.89,1.91,2.44,0.35,0.35,0.75,0,0.04,0.17,0.42,0.39,0.97,0.22,0.47,1.05
1G,https_passthrough.bal,default,2000,50,1000,1796176,0,0,1001.869166,1000,1225,1003,1007,1026,1994.003035,364.1392261,457.6081184,99.36,1006.5,22.499,,99.94,3925.5,,,99.74,2048,,,99.8,4096,40.75,,99.8,4096,37.3,,1.59,1.26,1.33,0.13,0.1,0.18,0,0.01,0.07,0.07,0.11,0.27,0.45,0.29,0.38
1G,https_passthrough.bal,default,2000,1024,0,9760823,0,0,184.1012892,14,3617,254,275,309,10852.05099,12325.13215,12833.82202,95.31,1009,22.216,,99.88,4065.5,,,99.83,2048,,,99.25,4096,35.55,,99.21,4096,36.55,,8.57,8.64,6.69,3.53,1.81,1.43,0.06,0.08,0.09,4.96,5.37,3.79,5.74,6.02,4.45
1G,https_passthrough.bal,default,2000,1024,30,9848461,0,0,182.5431697,31,853,268,298,358.99,10941.3607,12426.56493,12939.44121,95.26,1009.5,21.3,,99.87,4065,,,99.82,2048,,,99.22,4096,37.4,,99.16,4096,39.85,,7.49,8.37,7.3,1.06,2.39,2.45,0.05,0.06,0.14,4.53,5.78,4.87,6.57,7.16,5.76
1G,https_passthrough.bal,default,2000,1024,500,3525553,0,0,509.8087849,500,1137,533,546,581.99,3918.056016,4449.901536,4633.560386,98.64,1006.5,22.381,,99.9,3925.5,,,99.81,2048,,,99.66,4096,39.95,,99.67,4096,36.4,,1.88,2.3,2.81,0.17,0.28,0.55,0.02,0.03,0.16,0.78,0.87,1.4,0.92,0.77,1.39
1G,https_passthrough.bal,default,2000,1024,1000,1785103,0,0,1007.65961,1000,1228,1011,1017,1035,1982.844112,2251.999709,2344.945527,99.29,1006.5,23.029,,99.92,3925.5,,,99.74,2048,,,99.79,4096,39.85,,99.81,4096,35.15,,0.99,1.05,1.4,0.05,0.08,0.16,0,0,0.07,0.41,0.42,0.6,0.18,0.31,0.53
1G,https_passthrough.bal,default,2000,10240,0,4962157,0,0,362.4651167,96,844,453,477,538,5513.293372,56021.30719,56145.13992,95.66,1008.5,21.676,,99.85,4093,,,99.87,2048,,,99.41,4096,36.7,,99.38,4096,35.65,,7.84,8.06,6.32,1.1,0.94,0.73,0.18,0.05,0.06,4.33,3.32,2.25,2.93,2.47,2.03
1G,https_passthrough.bal,default,2000,10240,30,4928243,0,0,365.0073158,82,855,494,525,593,5474.858331,55630.76386,55753.73308,95.58,1008,21.58,,99.84,4092.5,,,99.86,2048,,,99.42,4096,35.35,,99.4,4096,34.35,,7.92,8.05,7.13,1.57,1.35,0.94,0.03,0.02,0.07,3.51,3.2,2.83,5.2,4.05,3.24
1G,https_passthrough.bal,default,2000,10240,500,3494550,0,0,514.2783946,501,1062,541,555,585,3884.313688,39469.0513,39556.2726,97.77,1006.5,23.137,,99.86,4080,,,99.82,2048,,,99.57,4096,36.3,,99.55,4096,36.55,,3.54,3.79,4.13,0.34,0.44,0.54,0.06,0.02,0.08,1.27,1.26,1.43,6.55,2.36,1.85
1G,https_passthrough.bal,default,2000,10240,1000,1791475,0,0,1003.933851,1001,2081,1007,1013,1031,1989.484404,20215.4318,20260.10094,98.86,1006.5,23.12,,99.89,4012,,,99.72,2048,,,99.76,4096,34.45,,99.76,4096,33.9,,1.17,1.68,2.14,0.58,0.31,0.27,0,0.02,0.07,0.32,0.41,0.59,0.11,0.28,0.65
1G,https_passthrough.bal,default,2000,102400,0,660946,13788,2.086100831,2709.097947,18,89408,7587.3,16826.9,30032,713.2554408,70069.87898,70003.38753,97.08,1016,420.034,,99.75,4085.5,,,99.65,2048,,,99.48,4096,85.6,,99.49,4096,80.1,,3.87,5.21,5.08,0.2,0.36,0.34,0,0,0,0.76,1.04,1,0.57,0.95,1
1G,https_passthrough.bal,default,2000,102400,30,234677,234677,100,7591.120297,55,50601,33035.4,36989.95,40906.98,259.8263742,553.2062353,0.5546047047,94.62,1007,265.316,,94.62,1007,265.316,,99.41,2048,,,99.43,4096,185.7,,99.4,4096,231.45,,7.2,7.58,6.88,0,0,0.06,0,0,0,2.27,1.28,1.03,0.54,0.54,0.73
1G,https_passthrough.bal,default,2000,102400,500,657972,8476,1.288200714,2726.666613,509,96813,5940,12341.65,30031,712.7890412,70579.90292,70493.48405,97.33,1014.5,320.689,,99.77,4089,,,99.66,2048,,,99.51,4096,82.75,,99.5,4096,83.8,,3.58,4.74,5.36,0.24,0.35,0.3,0.02,0.02,0,1.06,1.13,1.12,0.69,0.96,0.94
1G,https_passthrough.bal,default,2000,102400,1000,234209,234209,100,7592.917288,50,52428,32257.4,36911.75,41024,259.4958307,552.5776128,4.995053663,94.39,1006.5,273.062,,94.39,1006.5,273.062,,99.39,2048,,,99.48,4096,119.8,,99.42,4096,155.55,,7.62,7.69,7,0,0,0.05,0,0,0,1.2,0.88,1.17,0.65,0.74,1
1G,transformation.bal,default,100,50,0,10377022,0,0,8.594735079,1,282,13,19,51,11529.12773,2398.14864,2645.844744,99.04,1022.5,14.24,,99.97,4026.5,,,99.83,2048,,,99.43,4096,12.9,,99.44,4096,13.7,,8.32,8.2,6.02,0.34,0.32,0.14,0.08,0.1,0.08,1.29,1.38,0.93,1.6,1.58,1.09
1G,transformation.bal,default,100,50,30,2875953,0,0,31.22727075,30,267,32,32,33,3195.265464,664.6401794,733.2884609,99.76,1022,14.434,,99.98,3925.5,,,99.77,2048,,,99.81,4096,13.9,,99.81,4096,14.1,,1.52,1.42,1.97,0,0,0,0.04,0.04,0.13,0.34,0.22,0.28,0.28,0.27,0.35
1G,transformation.bal,default,100,50,500,179384,0,0,501.542986,500,708,502,503,505,199.22347,41.4400382,45.72022994,99.97,1021.5,15.563,,0,3925.5,,,98.73,2048,,,99.97,4096,10.724,,99.97,4096,11.2,,0.14,0.13,0.52,0,0,0,0.06,0.02,0.07,0,0,0.05,0,0,0.06
1G,transformation.bal,default,100,50,1000,89816,0,0,1001.505478,1000,1208,1002,1002,1003.99,99.71622576,20.74175399,22.88409478,99.98,1018.5,15.589,,0,3925.5,,,98.6,2048,,,99.98,4096,9774.5,,99.98,4096,9865,,0,0.03,0.16,0,0,0,0,0,0,0,0,0,0.01,0.04,0.02
1G,transformation.bal,default,100,1024,0,7272450,0,0,12.29462382,1,286,22,31,60,8080.015199,15299.95066,9555.56485,98.56,1020.5,15.1,,99.97,4045,,,99.82,2048,,,99.61,4096,9762.5,,99.6,4096,11.15,,9.49,9.32,6.9,0.01,0.07,0.02,0.07,0.06,0.06,0.95,1.01,0.7,0.63,0.82,0.68
1G,transformation.bal,default,100,1024,30,2856774,0,0,31.43199532,30,313,32,32,34,3174.450817,6010.996251,3754.160097,99.56,1020,15.156,,99.98,3925.5,,,99.77,2048,,,99.82,4096,10.95,,99.82,4096,12.1,,2.03,2.21,2.76,0,0,0.01,0.11,0.04,0.09,0.19,0.21,0.26,0.22,0.3,0.35
1G,transformation.bal,default,100,1024,500,179317,0,0,501.761166,500,707,502,503,505,199.1559166,377.1126195,235.52521,99.96,1019.5,16.146,,99.99,3925.5,,,98.81,2048,,,99.96,4096,11.9,,99.96,4096,12.1,,0.26,0.29,0.79,0,0,0,0,0,0.04,0.03,0.01,0.04,0,0.02,0.08
1G,transformation.bal,default,100,1024,1000,89833,0,0,1001.659112,1001,1565,1002,1003,1003,99.70930652,188.8050247,117.9179396,99.97,1017.5,16.329,,0,3925.5,,,98.73,2048,,,99.98,4096,10.063,,99.98,4096,10.033,,0.14,0.06,0.21,0,0,0,0.01,0,0,0.1,0.04,0.01,0,0,0
1G,transformation.bal,default,100,10240,0,1638415,4,0.0002441384,54.81719223,2,521,113,141,209,1820.637106,32500.08352,18540.62865,96.5,1008.5,39.614,,99.97,4052.5,,,99.69,2048,,,99.89,4096,10.212,,99.89,4096,9419,,33.5,33.1,24.15,0.4,0.37,0.25,0.06,0.01,0,0.32,0.31,0.2,0.08,0.07,0.08
1G,transformation.bal,default,100,10240,30,1556592,9,0.0005781862,57.7157656,32,458,90,106,142.99,1729.475566,30873.10631,17612.27656,96.37,1004,41.774,,99.97,4052,,,99.77,2048,,,99.89,4096,10.847,,99.9,4096,9685.5,,21.28,20.48,20.39,0.38,0.21,0.16,0.03,0.03,0.03,0.29,0.23,0.19,0.44,0.26,0.14
1G,transformation.bal,default,100,10240,500,178702,2,0.0011191817,503.5425177,502,714,504,505,516,198.4581077,3542.689577,2021.016745,99.63,999,21.432,,99.98,3925.5,,,99.28,2048,,,99.97,4096,10.196,,99.97,4096,10.223,,1.02,0.81,5.17,0.02,0.02,0.01,0,0,0,0,0,0.03,0.01,0.03,0.02
1G,transformation.bal,default,100,10240,1000,89672,0,0,1003.417555,1002,1225,1004,1005,1016,99.52154809,1776.570235,1013.487015,99.81,999.5,22.959,,99.99,3925.5,,,98.35,2048,,,99.98,4096,9087.5,,99.98,4096,9201.5,,0.07,0.24,1.5,0,0,0,0,0,0,0,0,0,0.02,0.04,0.01
1G,transformation.bal,default,100,102400,0,103900,0,0,865.417334,19,2337,1445,1539,1780,115.4371334,20460.14795,11565.01961,54.94,981.5,188.979,,99.97,3955,,,98.85,2048,,,99.97,4096,9277,,99.97,4096,8997.5,,25.2,24.46,17.41,0.02,0.08,0.03,0,0,0,0.08,0.08,0.03,0,0,0
1G,transformation.bal,default,100,102400,30,104288,1,0.0009588831,862.082953,47,2399,1448,1546,1785,115.8422187,20532.05203,11605.60291,53.7,981.5,197.15,,99.97,3955,,,98.77,2048,,,99.97,4096,9291.5,,99.97,4096,9046.5,,19.15,19.72,19.29,0.05,0.03,0,0,0,0,0.29,0.14,0.04,0,0.01,0
1G,transformation.bal,default,100,102400,500,84470,0,0,1065.594945,513,2389,1589,1688,1850.99,93.79917183,16625.05279,9397.229726,52.53,981.5,233.718,,99.97,3925.5,,,98.29,2048,,,99.97,4096,9133.5,,99.97,4096,9117.5,,9.93,10.06,12.41,0,0,0,0.02,0.02,0,0,0,0,0.02,0.04,0
1G,transformation.bal,default,100,102400,1000,60829,0,0,1479.384175,1011,2546,1984,2106,2206,67.55024986,11972.77001,6767.492757,65.28,981.5,233.767,,99.98,3925.5,,,96.19,2048,,,99.97,4096,9287.5,,99.98,4096,9167,,10.47,8.05,8.58,0.07,0.03,0,0,0,0,0,0.04,0.02,0,0.03,0
1G,transformation.bal,default,200,50,0,10927674,0,0,16.36901741,1,343,28,35,54,12148.10953,2526.901689,2787.896229,98.34,1021.5,14.48,,99.97,4024.5,,,99.83,2048,,,99.39,4096,12.35,,99.41,4096,12.65,,8.25,8.84,6.87,0,0.12,0.18,0.25,0.16,0.1,2.99,2.75,1.97,1.26,1.79,1.4
1G,transformation.bal,default,200,50,30,5671299,0,0,31.66183515,30,677,32,33,38,6301.9755,1310.860138,1446.254143,99.26,1021,14.858,,99.97,3925.5,,,99.86,2048,,,99.69,4096,9587.5,,99.69,4096,11.2,,2.98,3.19,3.36,0,0,0,0.03,0.05,0.14,0.38,0.5,0.66,0.76,0.52,0.55
1G,transformation.bal,default,200,50,500,358427,0,0,501.651692,500,707,503,504,507,398.4235443,82.87520991,91.43509074,99.94,1020.5,15.604,,99.98,3925.5,,,99.36,2048,,,99.95,4096,11.25,,99.96,4096,11.05,,0.18,0.24,0.82,0,0,0,0,0,0.08,0,0.02,0.13,0,0.02,0.11
1G,transformation.bal,default,200,50,1000,179580,0,0,1001.493657,1000,1209,1002,1002,1003,199.4750423,41.4923672,45.77796381,99.96,1020,15.899,,99.99,3925.5,,,99.02,2048,,,99.96,4096,11.6,,99.96,4096,12,,0.3,0.13,0.26,0,0,0,0,0,0,0.27,0.06,0.05,0,0,0
1G,transformation.bal,default,200,1024,0,7784634,0,0,23.0237419,1,383,40,52,87,8650.323805,16379.86127,10230.02161,97.59,1019.5,23.301,,99.97,4057.5,,,99.82,2048,,,99.55,4096,12.3,,99.58,4096,9494,,10.66,10.77,7.98,0.25,0.21,0.12,0.12,0.09,0.07,1.31,1.94,1.5,1.08,1.3,1.04
1G,transformation.bal,default,200,1024,30,5150848,0,0,34.85738678,30,277,39,41,48,5723.603254,10837.9558,6768.831583,98.59,1017,15.403,,99.97,3985,,,99.85,2048,,,99.7,4096,11.1,,99.71,4096,11.5,,3.99,4,4.37,0.02,0.06,0.06,0.07,0.06,0.12,0.38,0.58,0.67,0.7,0.65,0.61
1G,transformation.bal,default,200,1024,500,358501,0,0,501.7974957,500,709,502,503,507,398.3663137,754.3284279,471.1148496,99.89,1016.5,16.222,,99.99,3925.5,,,99.29,2048,,,99.95,4096,11.8,,99.95,4096,11.55,,0,0.11,0.99,0,0,0,0,0,0.07,0,0,0.13,0.03,0.04,0.12
1G,transformation.bal,default,200,1024,1000,179568,0,0,1001.634746,1001,1061,1002,1003,1004,199.4351293,377.6413239,235.8554117,99.94,1016.5,16.163,,99.98,3925.5,,,99.04,2048,,,99.95,4096,12.8,,99.95,4096,12.95,,0.02,0.11,0.34,0,0.01,0,0,0,0,0,0,0.03,0,0.01,0.01
1G,transformation.bal,default,200,10240,0,1600214,6,0.0003749499,112.2950955,3,757,205,236,323,1778.940605,31755.43679,18116.00842,93.22,1003.5,57.577,,99.97,4051,,,99.77,2048,,,99.89,4096,9486,,99.88,4096,10.18,,31.51,33.4,25.68,0.21,0.22,0.17,0,0,0,1.03,0.46,0.25,0.28,0.17,0.1
1G,transformation.bal,default,200,10240,30,1576121,6,0.0003806814,114.0056874,33,663,188,221,287.99,1752.12746,31276.93433,17842.95425,93.22,1002,57.488,,99.97,4051,,,99.79,2048,,,99.88,4096,10.423,,99.88,4096,10.95,,27.33,28.34,26.71,0.11,0.08,0.09,0,0,0,0.61,0.41,0.33,0.37,0.19,0.12
1G,transformation.bal,default,200,10240,500,356677,1,0.0002803657,504.2751509,502,718,507,511,527.99,396.2853216,7074.198737,4035.608724,98.56,996,22.632,,99.97,3925.5,,,99.43,2048,,,99.95,4096,10.698,,99.95,4096,10.689,,1.06,1.2,7.01,0,0,0,0,0,0,0.01,0.06,0.11,0.18,0.09,0.08
1G,transformation.bal,default,200,10240,1000,179276,2,0.0011155983,1003.760247,1002,1223,1005,1009,1029,198.9848527,3552.096423,2026.380902,99.27,987.5,22.923,,99.98,3925.5,,,99.05,2048,,,99.96,4096,10.09,,99.97,4096,10.072,,0.31,0.26,1.9,0,0,0,0,0,0,0,0.02,0.03,0.06,0.03,0
1G,transformation.bal,default,200,102400,0,71747,0,0,2506.846614,29,6522,3845,4062.95,4497.99,79.70852678,14127.24727,7985.564506,36.69,981.5,339.959,,99.97,3925.5,,,97.61,2048,,,99.97,4096,9086.5,,99.97,4096,9117.5,,16.9,18.04,15.53,0,0,0,0,0,0,0,0.01,0,0.08,0.02,0.01
1G,transformation.bal,default,200,102400,30,71004,1,0.0014083714,2530.665977,67,6454,3831.8,4061,4445.98,78.95535715,13993.82492,7910.10853,36.53,981.5,341.174,,99.97,3925.5,,,97.33,2048,,,99.97,4096,9330,,99.97,4096,9071,,15.37,16.47,15.79,0,0,0,0,0,0,0.01,0.07,0.03,0.02,0.02,0
1G,transformation.bal,default,200,102400,500,69059,0,0,2601.891223,550,6228,3787,4025,4390,76.76002641,13604.70269,7690.170263,35.29,981.5,352.971,,99.97,3925.5,,,98.46,2048,,,99.97,4096,9173.5,,99.97,4096,9258,,21.95,18.71,17.48,0,0,0,0,0,0,0.07,0.05,0.01,0.06,0.03,0
1G,transformation.bal,default,200,102400,1000,60232,0,0,2990.347523,1024,6474,4405,4613,4804.99,66.7750168,11834.98361,6689.826365,36.26,981.5,375.483,,99.97,3925.5,,,96.45,2048,,,99.97,4096,9236.5,,99.97,4096,9235,,16.12,13.07,13.74,0,0,0,0,0,0,0.08,0.02,0.01,0,0,0
1G,transformation.bal,default,300,50,0,11067307,0,0,24.28503348,1,365,41,53,92,12300.57494,2558.615687,2822.885852,97.78,1020.5,14.955,,99.96,4032.5,,,99.83,2048,,,99.37,4096,12.95,,99.4,4096,10.66,,9.97,9.78,7.64,0.66,0.76,0.56,0.07,0.09,0.09,3.17,2.82,2.09,1.91,2.34,1.75
1G,transformation.bal,default,300,50,30,7796580,0,0,34.52908314,30,279,38,42,51.99,8666.439165,1802.687053,1988.880082,98.58,1020,15.346,,99.96,3964.5,,,99.84,2048,,,99.56,4096,10.534,,99.56,4096,12.05,,4.99,4.88,4.72,0.07,0.14,0.2,0.12,0.15,0.23,1.81,1.33,1.18,0.89,1.07,1.03
1G,transformation.bal,default,300,50,500,538222,0,0,501.4473154,500,845,502,504,508,597.9819213,124.3849114,137.2321792,99.89,1019,15.716,,99.98,3925.5,,,99.47,2048,,,99.94,4096,12.25,,99.94,4096,11.9,,0.08,0.23,1.04,0,0,0.01,0,0.02,0.12,0.03,0.05,0.22,0.06,0.05,0.2
1G,transformation.bal,default,300,50,1000,269525,0,0,1001.458069,1000,1209,1002,1002,1002,299.1634191,62.22832839,68.65566747,99.94,1019,16.03,,99.98,3925.5,,,99.21,2048,,,99.96,4096,10.895,,99.96,4096,10.746,,1.05,0.42,0.42,0,0,0,0.01,0.01,0.01,0.02,0.04,0.06,0.01,0.02,0.05
1G,transformation.bal,default,300,1024,0,7848291,0,0,34.29670421,1,498,56,66,113,8719.587013,16511.01486,10311.93347,96.56,1018,26.931,,99.96,4056.5,,,99.84,2048,,,99.54,4096,12.05,,99.56,4096,10.271,,12.01,11.23,8.36,0.39,0.39,0.23,0.18,0.13,0.06,2.22,2.29,1.63,1,1.34,1.13
1G,transformation.bal,default,300,1024,30,6475096,0,0,41.57020483,30,3380,54,60,78,7199.61484,13632.86448,8514.388253,97.37,1015.5,16.004,,99.96,4032.5,,,99.86,2048,,,99.63,4096,10.272,,99.63,4096,12.6,,6.81,6.49,6.07,1.17,0.73,0.47,0.09,0.14,0.17,0.43,1.03,1.11,0.79,1,1.05
1G,transformation.bal,default,300,1024,500,537581,0,0,501.6959956,500,1065,503,504,509,597.5054156,1131.409208,706.6201742,99.8,1014,16.312,,99.98,3925.5,,,99.5,2048,,,99.92,4096,14.95,,99.92,4096,14.85,,0.28,0.45,1.42,0,0,0.06,0,0.01,0.1,0.02,0.05,0.23,0,0.03,0.21
1G,transformation.bal,default,300,1024,1000,269461,0,0,1001.579676,1000,1283,1002,1002,1005,299.1740712,566.502465,353.8083987,99.89,1013.5,16.293,,99.99,3925.5,,,99.28,2048,,,99.95,4096,12.15,,99.95,4096,12,,0.04,0.15,0.48,0,0,0,0,0,0.02,0.16,0.06,0.08,0.07,0.04,0.06
1G,transformation.bal,default,300,10240,0,1531170,4,0.0002612381,176.0543865,3,966,295,343,427,1702.561787,30391.89083,17338.19758,89.25,1002.5,74.155,,99.96,4049.5,,,99.79,2048,,,99.88,4096,10.801,,99.89,4096,10195,,35.67,34.54,24.89,0.15,0.14,0.08,0.08,0.02,0.01,0.22,0.5,0.43,0.23,0.31,0.21
1G,transformation.bal,default,300,10240,30,1555304,2,0.0001285922,173.3925779,33,937,278,319,406.99,1728.559219,30856.04929,17602.94486,88.98,1001,73.96,,99.96,4049.5,,,99.78,2048,,,99.88,4096,10.038,,99.88,4096,10.619,,41.94,37.2,32.44,0.77,0.47,0.26,0,0,0.02,0.85,0.81,0.68,0.43,0.41,0.27
1G,transformation.bal,default,300,10240,500,525423,3,0.0005709685,513.4593366,502,725,541.9,552,568,583.7507958,10420.58995,5944.680955,96.34,993,22.381,,99.97,3925.5,,,99.45,2048,,,99.94,4096,10.088,,99.94,4096,10.404,,1.51,2.46,9.24,0.05,0.05,0.08,0,0,0,0.04,0.05,0.18,0.08,0.11,0.13
1G,transformation.bal,default,300,10240,1000,268804,1,0.0003720183,1003.908134,1002,1237,1004,1006,1039,298.4482697,5327.646201,3039.275934,98.14,981.5,22.799,,99.97,3925.5,,,99.11,2048,,,99.96,4096,9201,,99.96,4096,9241.5,,0.54,0.67,2.66,0.05,0.03,0.03,0,0,0,0,0,0.03,0.01,0.04,0.05
1G,transformation.bal,default,300,102400,0,29981,0,0,8992.396384,110,19057,11838,13073,14928.85,33.2023593,5884.663848,3326.3641,16.79,981.5,503.375,,99.97,3925.5,,,96.65,2048,,,99.98,4096,9117.5,,99.97,4096,9356.5,,18.14,12.48,11.07,0.01,0.02,0,0,0,0,0,0.05,0.01,0,0.01,0
1G,transformation.bal,default,300,102400,30,29488,0,0,9119.651418,1526,23400,11966.9,13229,14885,32.72880641,5800.740298,3278.921407,16.64,981.5,507.563,,99.97,3925.5,,,97.21,2048,,,99.98,4096,9146,,99.97,4096,9375,,9.63,10.79,10.66,0,0,0,0,0,0,0,0,0,0,0,0
1G,transformation.bal,default,300,102400,500,30056,0,0,8952.059555,1782,20689,11862.9,13061,14800.99,33.31031815,5903.766285,3337.179911,16.63,981.5,508.841,,99.97,3925.5,,,96.22,2048,,,99.98,4096,9199,,99.97,4096,9305.5,,10.04,8.72,8.87,0,0,0,0,0,0,0,0,0,0,0,0
1G,transformation.bal,default,300,102400,1000,29767,0,0,9029.293009,1500,19384,12081,13206,14893,33.05479521,5858.479045,3311.580454,17.2,981.5,509.718,,99.97,3925.5,,,97.37,2048,,,99.97,4096,9438.5,,99.98,4096,9168.5,,6.6,10.12,10.01,0.01,0.02,0,0,0,0,0,0,0,0,0,0
1G,transformation.bal,default,1000,50,0,10133958,0,0,88.65919723,1,658,138,166,226,11262.16823,2342.618977,2584.579622,93.35,1015.5,36.723,,99.93,4019,,,99.84,2048,,,99.35,4096,15.7,,99.36,4096,12.9,,10.29,10.03,8,1.33,1.33,1.03,0.09,0.06,0.06,1.34,3.75,2.95,4.62,4.02,2.73
1G,transformation.bal,default,1000,50,30,10259872,0,0,87.55749175,31,482,117,129,221,11403.62097,2372.042253,2617.041922,93.51,1017,35.332,,99.93,4029.5,,,99.82,2048,,,99.34,4096,15.25,,99.35,4096,14.15,,9.18,9.25,8.09,0.93,1.58,1.38,0.17,0.15,0.21,2.28,2.42,2.22,4.21,3.73,2.97
1G,transformation.bal,default,1000,50,500,1793522,0,0,501.6953843,500,724,502,503,513,1991.759868,414.3016131,457.0933291,99.11,1010,16.197,,99.96,3925.5,,,99.74,2048,,,99.87,4096,11.65,,99.88,4096,11.5,,1.5,1.04,2.02,0.27,0.18,0.31,0.04,0.02,0.13,0.27,0.17,0.48,0.04,0.12,0.56
1G,transformation.bal,default,1000,50,1000,898442,0,0,1001.451536,1000,1213,1002,1003,1015,997.3181123,207.4499589,228.8767152,99.54,1010,16.296,,99.96,3925.5,,,99.6,2048,,,99.92,4096,10180.5,,99.92,4096,10040.5,,0.27,0.37,0.75,0,0.01,0.07,0.06,0.02,0.05,0,0.02,0.11,0.01,0.05,0.15
1G,transformation.bal,default,1000,1024,0,7221996,0,0,124.3970607,2,684,178,201,251,8029.025466,15203.39881,9495.263515,89.13,1010.5,48.403,,99.93,4049,,,99.86,2048,,,99.52,4096,14.5,,99.53,4096,12.2,,12.2,11.35,8.48,1.05,0.69,0.53,0,0.02,0.05,2.33,2.76,2.31,1.74,2.77,2.15
1G,transformation.bal,default,1000,1024,30,7220336,0,0,124.3924982,33,828,162,180,304.94,8027.429852,15200.37751,9493.376515,89.39,1011,50.038,,99.93,4047,,,99.85,2048,,,99.53,4096,11.25,,99.52,4096,13.4,,12.16,11.05,9.44,1.28,1.15,0.87,0.19,0.14,0.18,3.69,4.14,3.47,2.85,3.16,2.87
1G,transformation.bal,default,1000,1024,500,1791807,0,0,501.9308145,500,714,502,503,507,1990.938698,3769.95133,2354.518323,97.81,1000,17.099,,99.95,3925.5,,,99.76,2048,,,99.84,4096,14.25,,99.85,4096,14.3,,1.36,1.44,2.73,0.09,0.09,0.2,0.02,0.03,0.12,0.18,0.22,0.76,0.18,0.19,0.61
1G,transformation.bal,default,1000,1024,1000,897499,0,0,1001.744814,1000,1213,1002,1002,1016,996.9519341,1887.783035,1179.012492,98.89,996,17.384,,99.96,3925.5,,,99.59,2048,,,99.9,4096,13.55,,99.91,4096,11.5,,0.52,0.6,1.04,0,0.01,0.05,0,0.01,0.05,0.08,0.08,0.22,0,0.05,0.16
1G,transformation.bal,default,1000,10240,0,841437,0,0,1068.369778,23,3543,1646,1803,2040,935.2521424,16694.85635,9524.227872,50.65,994.5,220.243,,99.95,3956,,,99.7,2048,,,99.89,4096,9854.5,,99.89,4096,10.588,,17.06,21.78,15.44,0.02,0.08,0.08,0,0,0,0.07,0.25,0.25,0.09,0.14,0.13
1G,transformation.bal,default,1000,10240,30,834066,0,0,1078.988777,48,3405,1638,1792,1992.99,926.1534362,16532.41542,9431.570344,52.01,994.5,216.302,,99.95,3936.5,,,99.73,2048,,,99.89,4096,10.345,,99.89,4096,10.563,,19.1,20.43,18.55,0.1,0.08,0.08,0,0.01,0,0.03,0.25,0.24,0.44,0.37,0.21
1G,transformation.bal,default,1000,10240,500,819044,1,0.0001220936,1098.061745,502,2675,1626,1706,1893,909.860851,16241.56478,9265.653275,49.53,981.5,222.754,,99.94,3932.5,,,99.52,2048,,,99.89,4096,11.55,,99.89,4096,12.55,,9.56,13.04,14.63,0.04,0.02,0.03,0.01,0.02,0,0.28,0.23,0.18,1.54,0.99,0.58
1G,transformation.bal,default,1000,10240,1000,629300,1,0.0001589067,1428.398919,1002,2725,1830,1895,2056.99,698.7005258,12472.26458,7115.282308,60.09,981.5,229.622,,99.95,3925.5,,,99.7,2048,,,99.91,4096,10.423,,99.91,4096,11.1,,12.18,9.36,9.99,0.04,0.08,0.03,0,0,0,0.02,0.31,0.26,0,0.05,0.21
1G,transformation.bal,default,1000,102400,0,82350,82350,100,10489.65252,10000,187341,10010,10011,10011,90.66836957,147.4239912,0,1.75,981.5,791.908,,99.91,3925.5,,,98.87,2048,,,99.95,4096,13.35,,99.97,4096,10025,,3.92,4,5.55,0,0,0,0,0,0,0,0,0,0,0,0
1G,transformation.bal,default,1000,102400,30,17107032,17107032,100,46.10142087,0,10198,94,179,328,19005.70159,38192.42448,0,?,-2199023255552,,,?,-2199023255552,,,99.85,2048,,,98.96,4096,13.25,,98.98,4096,13.45,,0,0.32,2.17,0,0,0,0.44,0.29,0.15,310.21,331.55,207.25,305.58,343.49,216.84
1G,transformation.bal,default,1000,102400,500,46975,46975,100,19488.39325,10000,187407,180057,183058,187293.99,44.82420039,75.27212766,0,1.01,981.5,792.432,,0,3925.5,,,98.61,2048,,,99.96,4096,11.95,,99.98,4096,9301,,3.99,3.93,3.31,0,0,0,0,0,0.15,0,0.15,17.74,0,0.15,18.57
1G,transformation.bal,default,1000,102400,1000,19295394,19295394,100,39.84585549,0,1667,90,166,318,21437.34967,43084.04845,0,?,-2199023255552,,,?,-2199023255552,,,99.85,2048,,,98.58,4096,11.65,,98.57,4096,12.35,,0,0.08,0.99,0,0,0,0.4,0.25,0.19,370.35,354.01,258.38,373.76,365.17,267.53
1G,transformation.bal,default,2000,50,0,9446677,0,0,190.2675076,1,937,266,297,365.99,10500.85815,2184.260533,2409.864907,86.83,1011,70.079,,99.89,4014.5,,,99.84,2048,,,99.29,4096,15.25,,99.3,4096,13.85,,9.27,9.8,9.69,4.2,2.28,1.56,0.07,0.1,0.08,5.59,6.88,4.88,6.08,5.7,4.08
1G,transformation.bal,default,2000,50,30,9798320,0,0,183.5125943,31,836,272,321,409,10887.66338,2264.719044,2498.633687,86.23,1012,68.303,,99.88,4026,,,99.83,2048,,,99.27,4096,13.45,,99.27,4096,13.25,,9.24,9.78,8.73,5.7,3.64,2.46,0.06,0.1,0.18,7.23,4.73,3.62,5.61,5.45,4.28
1G,transformation.bal,default,2000,50,500,3567903,0,0,504.2046213,500,1113,512,521,538,3962.381892,824.2063896,909.335688,96.31,1004.5,16.667,,99.91,3925.5,,,99.82,2048,,,99.72,4096,11.25,,99.72,4096,14.2,,3.05,2.44,3.05,0.42,0.32,0.61,0,0.03,0.15,0.45,0.76,1.08,0.46,0.32,0.88
1G,transformation.bal,default,2000,50,1000,1793078,0,0,1003.212414,1000,2094,1010,1016,1032,1988.993899,413.72627,456.4585608,98.14,1000,17.019,,99.93,3925.5,,,99.73,2048,,,99.83,4096,12.75,,99.84,4096,11.95,,1.4,1.04,1.29,0.01,0.05,0.16,0,0,0.07,0.06,0.17,0.33,0.23,0.2,0.31
1G,transformation.bal,default,2000,1024,0,5858378,0,0,307.0083018,34,1252,399,434.95,550,6507.942221,12323.1445,7696.404326,71.39,1006,108.372,,99.9,4026,,,99.85,2048,,,99.51,4096,17.85,,99.55,4096,10.768,,8.85,9.27,7.57,0.84,0.8,0.76,0.04,0.08,0.09,1.76,2.29,2.12,2.32,2.1,1.46
1G,transformation.bal,default,2000,1024,30,5729700,0,0,313.7406831,47,1128,381,410,454,6369.688036,12061.35264,7532.90255,72.14,1006,107.503,,99.89,4025.5,,,99.87,2048,,,99.55,4096,10.273,,99.54,4096,14.25,,9.45,9.84,8.79,0.64,1.4,1.19,0.01,0.04,0.1,1.83,2.34,2.39,0.73,2.55,2.63
1G,transformation.bal,default,2000,1024,500,3503302,0,0,513.1916398,500,1328,530,554.95,566,3893.379713,7372.327434,4604.377767,87.98,996,99.705,,99.9,3942,,,99.81,2048,,,99.68,4096,15.15,,99.7,4096,14.55,,3.18,3.07,3.9,0.27,0.3,0.44,0.08,0.08,0.14,0.8,0.67,0.88,0.51,0.86,0.99
1G,transformation.bal,default,2000,1024,1000,1784662,0,0,1008.041259,1000,2329,1028,1052,1081,1982.140695,3753.291832,2344.113654,94,991,96.92,,99.92,3925.5,,,99.74,2048,,,99.84,4096,10.14,,99.84,4096,10.25,,1.36,1.7,2,0,0.02,0.1,0,0.02,0.08,0.17,0.24,0.33,0.31,0.35,0.44
1G,transformation.bal,default,2000,10240,0,470901,1,0.0002123589,3823.627412,127,10684,4504,5679,6097,522.0128436,9318.258014,5315.966731,29.66,986,426.044,,99.92,3925.5,,,99.61,2048,,,99.89,4096,12.25,,99.91,4096,11.15,,10,10.4,8.6,0,0.09,0.11,0.05,0.03,0.05,0.23,0.3,0.26,0.02,0.14,0.21
1G,transformation.bal,default,2000,10240,30,468424,0,0,3837.6758,67,9922,4809.9,5892,6218.99,519.4282147,9272.115791,5289.645921,28.29,986,426.799,,99.92,3925.5,,,99.6,2048,,,99.89,4096,11.3,,99.9,4096,11.1,,9.77,12.48,11.28,0.17,0.06,0.05,0,0,0,0.02,0.07,0.11,0.1,0.13,0.15
1G,transformation.bal,default,2000,10240,500,503022,0,0,3571.614331,527,8635,4582,4695,5985,558.7053708,9973.22784,5689.628522,29.35,981.5,410.92,,99.92,3925.5,,,99.56,2048,,,99.9,4096,10.771,,99.89,4096,11.75,,11.05,9.39,9.52,0,0.02,0,0,0,0,0.5,0.21,0.17,0.32,0.09,0.1
1G,transformation.bal,default,2000,10240,1000,511691,0,0,3514.969429,1475,9147,4690,4944,6311.99,567.425206,10128.87352,5778.427782,30.81,981.5,406.381,,99.92,3925.5,,,99.62,2048,,,99.89,4096,10.701,,99.89,4096,11.45,,12.35,11.11,10.82,0,0.02,0,0,0,0,1.65,0.53,0.23,0.04,0.07,0.1
1G,transformation.bal,default,2000,102400,0,158849,158849,100,11297.33259,10000,187432,10010,10011,10012,152.382204,248.4884312,0,0.71,981.5,794.507,,0,3925.5,,,99.28,2048,,,99.95,4096,10167.5,,99.94,4096,10.563,,3.97,3.92,3.13,0,0,0,0,0,0.17,0,0.04,14.28,0.07,0.06,14.64
1G,transformation.bal,default,2000,102400,30,19126557,19126557,100,74.7153679,0,2666,238,379,588,21256.54815,42720.67978,0,?,-2199023255552,,,?,-2199023255552,,,99.85,2048,,,98.12,4096,12,,97.94,4096,12,,0,0.07,0.92,0,0,0,0.39,0.34,0.27,513,572.54,419.35,408.02,497.98,386.75
1G,transformation.bal,default,2000,102400,500,141555,141555,100,12312.72383,10000,187404,10010,10011,10011,155.6483341,254.7339101,0,0.72,981.5,793.863,,0,3925.5,,,99.16,2048,,,99.94,4096,10.184,,99.94,4096,10.2,,4,3.9,2.98,0,0,0,0,0.01,0.23,0,0.08,24.39,0.05,0.08,22.5
1G,transformation.bal,default,2000,102400,1000,12508464,12508464,100,123.461095,0,171603,186,274.95,528.98,13897.59845,27905.22436,0,?,-2199023255552,,,?,-2199023255552,,,99.86,2048,,,99,4096,10.302,,98.98,4096,14.1,,0,0.63,1.94,0,0,0,0.17,0.17,0.14,500.95,462.06,260.5,436.06,442.13,248.71
1G,https_transformation.bal,default,100,50,0,9450853,0,0,9.424583792,1,275,15,21,45,10513.04947,2207.329722,2412.662719,99.05,1022.5,23.705,,99.97,4002.5,,,99.84,2048,,,99.47,4096,13.8,,99.49,4096,13.95,,9.28,9.25,6.78,0.15,0.13,0.07,0.11,0.09,0.05,1.68,1.5,4.25,1.51,1.59,4.27
1G,https_transformation.bal,default,100,50,30,2861134,0,0,31.34901651,30,647,32,32,35,3181.717491,668.0363873,730.179307,99.73,1022,23.718,,99.98,3925.5,,,99.78,2048,,,99.82,4096,13,,99.83,4096,12.75,,1.24,1.55,2.23,0,0,0,0.04,0.04,0.13,0.3,0.35,0.93,0.18,0.21,0.84
1G,https_transformation.bal,default,100,50,500,179320,0,0,501.7108633,500,706,502,503,505,199.1844678,41.82095759,45.71127923,99.97,1022,23.671,,0,3925.5,,,98.94,2048,,,99.95,4096,14.6,,99.95,4096,14.5,,0.2,0.13,0.57,0,0,0,0,0,0.04,0.02,0.01,0.18,0.01,0.03,0.17
1G,https_transformation.bal,default,100,50,1000,89832,0,0,1001.667201,1000,1209,1002,1003,1004,99.72823191,20.93903307,22.8868501,99.98,1016,23.703,,0,3925.5,,,98.8,2048,,,99.97,4096,13.4,,99.97,4096,13.4,,0,0.04,0.17,0,0,0,0,0,0,0,0,0.05,0,0,0.02
1G,https_transformation.bal,default,100,1024,0,6225807,0,0,14.34228559,1,302,25,33,56,6926.783652,13129.77256,8191.733401,98.64,1020.5,23.748,,99.97,4026.5,,,99.83,2048,,,99.65,4096,12.7,,99.64,4096,14.8,,10.86,10.59,7.68,0.06,0.09,0.04,0.01,0.05,0.01,0.58,1.05,0.84,0.98,1.18,0.91
1G,https_transformation.bal,default,100,1024,30,2831161,0,0,31.67404538,31,271,32,32,35,3149.506854,5969.914874,3724.660937,99.51,1020,23.735,,99.97,3925.5,,,99.83,2048,,,99.83,4096,11.9,,99.83,4096,11.9,,3.27,2.88,3.46,0,0,0,0.03,0.04,0.09,0.16,0.22,0.32,0.08,0.19,0.31
1G,https_transformation.bal,default,100,1024,500,179277,0,0,501.8677354,501,878,503,503,507,199.1234335,377.440051,235.4867949,99.95,1019.5,23.749,,99.99,3925.5,,,99.24,2048,,,99.94,4096,15.85,,99.94,4096,15.75,,0.33,0.35,0.97,0,0,0,0,0,0.04,0.16,0.06,0.08,0,0.02,0.08
1G,https_transformation.bal,default,100,1024,1000,89723,0,0,1001.795504,1001,1208,1002,1003,1004,99.70662429,188.9946853,117.9147676,99.97,1017,23.724,,0,3925.5,,,98.6,2048,,,99.96,4096,14.05,,99.96,4096,14.1,,0.08,0.1,0.3,0,0,0,0,0.01,0,0.12,0.03,0.01,0.11,0.04,0.01
1G,https_transformation.bal,default,100,10240,0,1385008,9,0.0006498157,64.7897449,3,571,117,142,202,1540.931808,27509.6493,15692.22353,96.46,1007,47.513,,99.97,4036.5,,,99.79,2048,,,99.89,4096,12.45,,99.9,4096,11.4,,23.24,22.63,16.65,0.16,0.06,0.01,0.01,0.02,0,0.21,0.23,0.18,0.16,0.34,0.27
1G,https_transformation.bal,default,100,10240,30,1368069,10,0.0007309573,65.6741334,33,367,98,115,155,1520.186458,27139.63936,15480.96131,96.32,1004,47.741,,99.97,4036,,,99.78,2048,,,99.9,4096,11.3,,99.9,4096,11.55,,16.67,16.5,15.76,0.19,0.14,0.05,0,0.02,0.01,0.34,0.35,0.27,0.12,0.18,0.2
1G,https_transformation.bal,default,100,10240,500,178511,0,0,504.0894007,502,727,506,508,519,198.2770398,3539.87439,2019.172824,99.57,999,23.92,,99.98,3925.5,,,98.72,2048,,,99.97,4096,10.752,,99.97,4096,10.818,,0.33,0.62,4.19,0.08,0.03,0,0,0,0,0.08,0.03,0.08,0.02,0.04,0.07
1G,https_transformation.bal,default,100,10240,1000,89590,0,0,1004.054627,1002,1322,1005,1006,1015,99.46940031,1775.832616,1012.955963,99.78,999.5,23.917,,99.99,3925.5,,,98.76,2048,,,99.97,4096,11.85,,99.97,4096,11.85,,0.04,0.2,1.19,0,0,0,0.03,0.01,0,0,0.01,0.03,0.02,0.02,0
1G,https_transformation.bal,default,100,102400,0,91148,1,0.0010971168,985.7092311,43,2172,1530,1618,1769,101.3268945,17958.85239,10151.39139,56.39,981.5,220.676,,99.97,3937,,,95.99,2048,,,99.96,4096,10.789,,99.96,4096,10.765,,14.85,15.26,11.24,0,0,0,0,0,0,0.41,0.27,0.15,0.1,0.11,0.07
1G,https_transformation.bal,default,100,102400,30,90089,0,0,998.9322559,62,2376,1550,1639,1763,100.019318,17727.17012,10020.39239,56.31,981.5,222.472,,99.97,3936.5,,,98.28,2048,,,99.96,4096,10.95,,99.96,4096,10.909,,17.91,17.18,15.12,0.07,0.03,0,0,0,0,0.13,0.2,0.17,0.34,0.21,0.18
1G,https_transformation.bal,default,100,102400,500,80035,0,0,1122.420703,517,2337,1641,1708,1868,88.99007083,15772.54109,8915.432008,53.36,981.5,243.135,,99.98,3925.5,,,98.54,2048,,,99.97,4096,10.858,,99.97,4096,10.8,,9.68,11.63,12.58,0.03,0.03,0,0,0,0,0.08,0.09,0.1,0.28,0.16,0.15
1G,https_transformation.bal,default,100,102400,1000,61594,0,0,1458.219859,1013,2748,1936,2016,2210.98,68.42029259,12126.80042,6854.657614,63.79,981.5,246.997,,99.98,3925.5,,,97.65,2048,,,99.97,4096,10.775,,99.97,4096,10.841,,8.1,7.75,8.25,0,0,0,0,0,0,0.16,0.15,0.1,0.12,0.1,0.09
1G,https_transformation.bal,default,200,50,0,9770239,0,0,18.29222694,1,335,31,40,68,10870.30277,2282.338961,2494.649561,98.44,1021,24.226,,99.97,4013,,,99.84,2048,,,99.44,4096,15.05,,99.47,4096,13.85,,8.93,8.85,6.96,0.39,0.41,0.27,0.15,0.11,0.08,1.37,2.07,1.63,3.24,2.5,1.68
1G,https_transformation.bal,default,200,50,30,5617283,0,0,31.92973133,30,316,33,34,39,6248.562803,1311.954104,1433.996346,99.18,1021,24.146,,99.97,3925.5,,,99.86,2048,,,99.66,4096,16.05,,99.66,4096,17.75,,4.41,3.86,3.88,0,0.01,0.02,0.02,0.06,0.16,0.64,0.73,0.75,0.58,0.54,0.63
1G,https_transformation.bal,default,200,50,500,358436,0,0,501.7609922,500,708,503,504,507,398.3445468,83.63679449,91.41696142,99.93,1021,24.165,,99.98,3925.5,,,99.31,2048,,,99.96,4096,17.3,,99.93,4096,17.6,,0.12,0.27,0.94,0,0,0,0,0.01,0.09,0.09,0.07,0.16,0.02,0.01,0.11
1G,https_transformation.bal,default,200,50,1000,179436,0,0,1001.645294,1000,1209,1002,1003,1004,199.4466854,41.87601305,45.77145612,99.96,1020.5,24.163,,0,3925.5,,,98.99,2048,,,99.97,4096,11.25,,99.97,4096,11.75,,0,0.09,0.3,0,0,0,0,0,0,0,0.01,0.03,0.04,0.02,0
1G,https_transformation.bal,default,200,1024,0,6539909,0,0,27.41415408,1,319,43,51,75,7267.397269,13775.40838,8594.548918,97.76,1019,36.895,,99.97,4034.5,,,99.86,2048,,,99.6,4096,15.8,,99.6,4096,17.85,,12.17,11.73,8.61,0.32,0.33,0.24,0,0,0,1.25,1.46,1.08,1.05,1.5,1.08
1G,https_transformation.bal,default,200,1024,30,4880568,0,0,36.7700952,31,476,42,45,53,5425.336932,10283.76857,6416.096704,98.5,1017,24.21,,99.97,3985,,,99.86,2048,,,99.69,4096,17.05,,99.7,4096,17.25,,4.79,5.23,5.42,0.12,0.12,0.12,0,0.03,0.09,1.8,1.17,0.95,0.91,0.88,0.8
1G,https_transformation.bal,default,200,1024,500,358428,0,0,502.0434955,501,710,503,504,508,398.0870214,754.5770592,470.7845537,99.88,1017,24.218,,99.99,3925.5,,,99.45,2048,,,99.96,4096,14.1,,99.96,4096,12.85,,0.33,0.35,1.29,0,0,0,0,0.01,0.07,0,0.02,0.19,0.07,0.02,0.15
1G,https_transformation.bal,default,200,1024,1000,179408,0,0,1001.834556,1001,1209,1002,1003,1004,199.4004915,377.9651894,235.8144484,99.93,1017,24.16,,99.98,3925.5,,,98.92,2048,,,99.97,4096,11.6,,99.97,4096,11.05,,0.2,0.13,0.42,0,0,0,0,0,0,0,0.01,0.06,0,0,0.02
1G,https_transformation.bal,default,200,10240,0,1382757,5,0.0003615964,129.995846,3,669,214,249,312,1537.054184,27440.38545,15652.73538,93.55,1003,67.644,,99.97,4034.5,,,99.79,2048,,,99.88,4096,13.5,,99.88,4096,13.55,,19.72,21.19,16.13,0.09,0.13,0.1,0,0,0,0.41,0.38,0.29,0.5,0.39,0.29
1G,https_transformation.bal,default,200,10240,30,1354784,6,0.000442875,132.7309556,34,676,201,226,292.99,1505.355698,26874.56276,15329.93088,93.36,1002.5,67.714,,99.97,4034.5,,,99.8,2048,,,99.88,4096,13.6,,99.88,4096,13.55,,21.63,20.4,18.43,0.02,0.11,0.09,0.08,0.02,0.02,0.37,0.36,0.36,0.36,0.49,0.44
1G,https_transformation.bal,default,200,10240,500,356072,1,0.0002808421,504.7680104,502,739,507,511,533,395.9012493,7068.127088,4031.697488,98.35,989,24.607,,99.97,3925.5,,,99.33,2048,,,99.95,4096,12.25,,99.95,4096,12.3,,1.26,1.6,5.45,0,0.01,0.01,0,0,0,0.02,0.04,0.1,0.06,0.09,0.15
1G,https_transformation.bal,default,200,10240,1000,178862,0,0,1004.68876,1002,1226,1006,1008,1031,198.8115457,3549.425652,2024.616015,99.16,981.5,24.602,,99.98,3925.5,,,98.98,2048,,,99.96,4096,12.65,,99.96,4096,12.65,,0.1,0.45,1.69,0,0,0,0,0,0,0,0.02,0.02,0.13,0.1,0.09
1G,https_transformation.bal,default,200,102400,0,64257,0,0,2799.212008,256,6107,3906.9,4106,4417,71.34078305,12644.24958,7147.245696,39.98,981.5,346.841,,99.97,3925.5,,,97.74,2048,,,99.96,4096,12.05,,99.96,4096,12,,11.38,12.76,11.57,0.01,0.01,0,0,0,0,0.08,0.1,0.12,0.06,0.12,0.11
1G,https_transformation.bal,default,200,102400,30,63037,0,0,2853.702857,284,6152,3952,4133,4409.99,69.97952913,12402.98524,7010.869056,38.99,981.5,352.355,,99.97,3925.5,,,96.77,2048,,,99.96,4096,12.2,,99.96,4096,12.15,,12.68,11.94,11.97,0.04,0.02,0,0,0,0,0.03,0.07,0.08,0.17,0.17,0.12
1G,https_transformation.bal,default,200,102400,500,59810,0,0,3002.058736,599,6352,4178.9,4355,4644.99,66.47136097,11781.23124,6659.404737,37.82,981.5,376.906,,99.97,3925.5,,,96.68,2048,,,99.96,4096,12.15,,99.96,4096,12,,12.91,10.83,10.64,0.01,0.01,0,0,0,0,0.3,0.11,0.08,0.11,0.14,0.16
1G,https_transformation.bal,default,200,102400,1000,57815,0,0,3103.488714,1051,7170,4452,4645,5003,64.24467091,11386.59975,6436.32475,37.83,981.5,385.43,,99.97,3925.5,,,97.48,2048,,,99.96,4096,12.1,,99.96,4096,12.05,,9.16,9.34,9.56,0,0,0,0,0,0,0,0.02,0.05,0.19,0.1,0.08
1G,https_transformation.bal,default,300,50,0,9799154,0,0,27.40934013,0,682,46,57,95,10900.29044,2288.6352,2501.531497,97.47,1020,38.18,,99.97,4010,,,99.83,2048,,,99.42,4096,18.95,,99.44,4096,17.05,,9.39,9.61,7.44,0.26,0.46,0.31,0.13,0.13,0.09,2.94,2.81,2.13,2.3,2.73,2.2
1G,https_transformation.bal,default,300,50,30,7501252,0,0,35.89789051,30,283,42,47,62.99,8335.363489,1750.100733,1912.900801,98.49,1019.5,24.979,,99.97,3964.5,,,99.85,2048,,,99.57,4096,13.6,,99.57,4096,16,,5.23,5.45,5.17,0.12,0.21,0.19,0.2,0.17,0.22,1.48,1.5,1.41,0.83,1.22,1.25
1G,https_transformation.bal,default,300,50,500,537717,0,0,501.6299875,500,713,502,502,506,597.6147291,125.4757488,137.1479115,99.88,1019.5,24.982,,99.98,3925.5,,,99.47,2048,,,99.95,4096,13.95,,99.94,4096,14.4,,0.49,0.44,1.2,0,0,0.01,0,0.02,0.12,0.1,0.06,0.27,0.05,0.06,0.25
1G,https_transformation.bal,default,300,50,1000,269221,0,0,1001.610658,1000,1209,1002,1002,1004,299.1906258,62.81834428,68.66191119,99.93,1019.5,24.66,,99.98,3925.5,,,99.3,2048,,,99.97,4096,11.95,,99.97,4096,11.6,,0.04,0.15,0.41,0.01,0.01,0,0,0,0,0.01,0.03,0.08,0.02,0.06,0.08
1G,https_transformation.bal,default,300,1024,0,6516285,0,0,41.31773748,1,467,66,78.95,106.99,7240.968354,13725.31208,8563.293629,96.93,1017,42.34,,99.96,4032.5,,,99.86,2048,,,99.6,4096,14.9,,99.62,4096,15.55,,12.41,12.04,8.88,0.06,0.27,0.26,0.06,0.06,0.06,2.27,2.4,1.81,2.47,2.15,1.47
1G,https_transformation.bal,default,300,1024,30,5807744,0,0,46.32205724,31,340,59,65,78,6460.499999,12245.92838,7640.298339,97.35,1015.5,25.047,,99.96,4010,,,99.85,2048,,,99.63,4096,17.1,,99.65,4096,15.8,,8.59,7.72,7.23,0.46,0.47,0.38,0.1,0.07,0.14,1.18,1.54,1.33,0.56,1.02,1.11
1G,https_transformation.bal,default,300,1024,500,537979,0,0,501.74112,501,714,502,503,507,597.4477546,1132.466941,706.5519832,99.78,1014,25.028,,99.98,3925.5,,,99.51,2048,,,99.94,4096,14.1,,99.95,4096,14.15,,0.85,0.6,1.78,0,0,0.06,0,0.01,0.09,0.02,0.09,0.31,0.01,0.05,0.25
1G,https_transformation.bal,default,300,1024,1000,269356,0,0,1001.778438,1001,1210,1002,1003,1009,299.1335482,567.0099776,353.7604754,99.87,1014,24.692,,99.99,3925.5,,,99.24,2048,,,99.96,4096,14.15,,99.96,4096,14.1,,0.04,0.17,0.58,0,0.01,0,0,0,0.01,0.07,0.03,0.08,0,0,0.04
1G,https_transformation.bal,default,300,10240,0,1268514,3,0.0002364972,212.5592906,12,945,321,360,439,1410.331271,25178.04678,14362.24072,90.37,1001,86.398,,99.97,4021.5,,,99.62,2048,,,99.89,4096,14.3,,99.88,4096,14.4,,22.09,21.35,16.33,0.29,0.15,0.09,0.01,0.03,0,0.55,0.47,0.33,0.38,0.4,0.27
1G,https_transformation.bal,default,300,10240,30,1294951,4,0.000308892,208.1147464,39,834,308,344,412,1440.430121,25715.36762,14668.75518,89.79,1001.5,89.867,,99.97,4021.5,,,99.75,2048,,,99.88,4096,14.9,,99.88,4096,14.4,,22.74,21.95,19.31,0.01,0.06,0.08,0,0.03,0.03,0.19,0.43,0.43,0.74,0.44,0.33
1G,https_transformation.bal,default,300,10240,500,533250,4,0.0007501172,506.2155687,502,732,510.9,520,547,592.1473434,10571.68174,6030.187985,95.79,983.5,25.617,,99.97,3925.5,,,99.5,2048,,,99.94,4096,13.5,,99.94,4096,13.75,,2.35,2.25,6.21,0.05,0.06,0.04,0,0,0,0.29,0.12,0.17,0.05,0.11,0.16
1G,https_transformation.bal,default,300,10240,1000,268236,1,0.000372806,1004.984275,1002,1224,1005,1009,1041.99,298.1198299,5322.377402,3035.931236,97.89,981.5,25.588,,99.97,3925.5,,,99.3,2048,,,99.96,4096,13.35,,99.96,4096,13.3,,0.55,0.75,2.06,0,0.01,0,0.05,0.02,0,0.09,0.05,0.08,0.1,0.07,0.08
1G,https_transformation.bal,default,300,102400,0,38494,0,0,6994.972957,1830,13710,8934,9481.7,10707.89,42.7039236,7568.728584,4278.274237,25.67,981.5,492.297,,99.97,3925.5,,,97.17,2048,,,99.96,4096,13.35,,99.97,4096,13.2,,10.87,9.96,9.81,0,0.01,0,0,0,0,0.08,0.04,0.04,0.06,0.06,0.08
1G,https_transformation.bal,default,300,102400,30,39643,0,0,6800.402013,1858,14386,8643,9007,10112.98,43.97434063,7793.894911,4405.550421,25.64,981.5,492.172,,99.97,3925.5,,,97.36,2048,,,99.96,4096,13.3,,99.96,4096,13.3,,8.59,8.66,9.35,0.02,0.02,0,0,0,0,0.71,0.2,0.06,0.01,0.13,0.13
1G,https_transformation.bal,default,300,102400,500,35652,0,0,7549.729973,1955,17845,9658,10146,11536,39.49043034,6999.151525,3956.331795,23.62,981.5,503.709,,99.97,3925.5,,,95.99,2048,,,99.97,4096,13.45,,99.97,4096,13.25,,7.95,8.03,8.56,0,0,0,0,0,0,0.12,0.14,0.1,0,0,0.02
1G,https_transformation.bal,default,300,102400,1000,35470,0,0,7591.222723,1976,14856,9794,10282.95,11549.96,39.36282604,6976.561307,3943.547814,23.98,981.5,506.057,,99.97,3925.5,,,97.18,2048,,,99.96,4096,13.4,,99.96,4096,13.4,,8.77,9.1,8.91,0,0,0,0.02,0.01,0,0.02,0.05,0.06,0.08,0.06,0.07
1G,https_transformation.bal,default,1000,50,0,8692515,0,0,103.3068379,2,587,163,186,254,9667.79221,2029.858716,2218.682783,93.19,1014,56.15,,99.94,4005.5,,,99.83,2048,,,99.42,4096,26.15,,99.43,4096,23.85,,12.6,12.29,9.24,1.3,1.37,1.04,0.02,0.03,0.02,1.19,1.84,1.61,1.56,1.66,1.38
1G,https_transformation.bal,default,1000,50,30,8943727,0,0,100.2167609,31,585,152,180,226,9960.483161,2091.312382,2285.853069,93.88,1014.5,18.944,,99.93,4005.5,,,99.84,2048,,,99.44,4096,22.95,,99.44,4096,25.7,,9.64,10.31,9.33,1.35,1.2,1.16,0.02,0.05,0.13,2.89,4.18,3.62,3.2,3.91,3.43
1G,https_transformation.bal,default,1000,50,500,1789388,0,0,502.0836426,500,713,504,509,521,1990.152605,417.8543066,456.7244747,99.02,1010,18.988,,99.96,3925.5,,,99.72,2048,,,99.85,4096,22.95,,99.84,4096,25.05,,1.26,1.24,2.45,0.12,0.1,0.27,0,0.01,0.11,0.17,0.21,0.72,0.22,0.16,0.67
1G,https_transformation.bal,default,1000,50,1000,896853,0,0,1001.598276,1000,1208,1002,1003,1016,997.2235503,209.3779915,228.855014,99.5,1010,18.836,,99.96,3925.5,,,99.58,2048,,,99.92,4096,20.9,,99.89,4096,27.25,,0.02,0.3,0.88,0,0,0.06,0.06,0.02,0.04,0,0.05,0.21,0.13,0.16,0.25
1G,https_transformation.bal,default,1000,1024,0,6072370,0,0,147.9524868,2,606,214,237,312,6752.607413,12799.62011,7985.749587,90.82,1009.5,81.243,,99.94,4029.5,,,99.85,2048,,,99.58,4096,24.85,,99.57,4096,25.35,,12.04,12.23,9.4,0.15,0.5,0.49,0,0.01,0.04,3.66,1.94,1.34,1.22,1.11,1.05
1G,https_transformation.bal,default,1000,1024,30,6022147,0,0,149.2658519,35,663,203,225,297,6692.144423,12685.01204,7914.245016,90.78,1009,80.422,,99.93,4018.5,,,99.86,2048,,,99.59,4096,22.8,,99.57,4096,25.8,,13.41,12.59,10.94,1.8,0.8,0.55,0.06,0.05,0.1,3.87,3.19,2.64,2.02,2.45,2.12
1G,https_transformation.bal,default,1000,1024,500,1787250,0,0,502.9563827,501,756,504,508,531,1986.616943,3765.647991,2349.407342,97.54,999,18.946,,99.95,3925.5,,,99.73,2048,,,99.83,4096,26.3,,99.85,4096,22.5,,2.46,2.12,3.49,0.09,0.11,0.17,0,0.02,0.09,0.16,0.24,0.66,0.03,0.13,0.53
1G,https_transformation.bal,default,1000,1024,1000,897929,0,0,1002.078101,1001,1215,1002,1003,1023,996.7198885,1889.290335,1178.738071,98.76,994,18.956,,99.96,3925.5,,,99.59,2048,,,99.91,4096,19.95,,99.89,4096,25.85,,0.4,0.76,1.4,0.1,0.05,0.07,0.01,0.02,0.05,0.13,0.14,0.25,0.1,0.15,0.21
1G,https_transformation.bal,default,1000,10240,0,763400,0,0,1176.076933,74,3324,1797,1912,2068,849.6165374,15167.8265,8652.14966,54.6,991.5,256.858,,99.95,3933.5,,,99.68,2048,,,99.89,4096,23,,99.9,4096,21.9,,10.81,15.51,12.09,0,0.02,0.03,0,0,0,0.11,0.17,0.17,0.5,0.28,0.24
1G,https_transformation.bal,default,1000,10240,30,751804,0,0,1196.399619,85,3621,1769,1897,2094,835.1095145,14908.84298,8504.416033,54.76,988.5,256.947,,99.95,3925.5,,,99.52,2048,,,99.9,4096,22.7,,99.9,4096,22.95,,19.81,15.13,14.04,0,0.02,0,0,0,0,0.12,0.17,0.17,0.26,0.26,0.26
1G,https_transformation.bal,default,1000,10240,500,729069,3,0.0004114837,1233.38179,504,2789,1745,1849.95,2055.96,809.913784,14459.01371,8247.832949,51.87,981.5,265.082,,99.95,3925.5,,,99.71,2048,,,99.89,4096,24.15,,99.9,4096,23.35,,13.73,12.36,11.88,0.02,0.05,0.01,0,0,0,0.18,0.27,0.22,0.25,0.17,0.2
1G,https_transformation.bal,default,1000,10240,1000,579916,0,0,1550.808553,1002,3234,1987,2116,2549,644.2988513,11502.39145,6561.277755,60.34,981.5,271.993,,99.95,3925.5,,,99.66,2048,,,99.9,4096,23.5,,99.91,4096,21.8,,7.94,8.8,9.33,0.12,0.09,0.02,0.06,0.02,0,0.06,0.23,0.24,0.38,0.24,0.21
1G,https_transformation.bal,default,1000,102400,0,41029,41029,100,20574.1691,10000,187406,180052,182928.65,187301,38.40386538,86.86515741,0,2.8,981.5,788.041,,0,3925.5,,,98.19,2048,,,99.92,4096,115.9,,99.92,4096,52.05,,5.34,4.98,5.44,0,0,0,0,0,0,0,0,0,0,0,0
1G,https_transformation.bal,default,1000,102400,30,67362,67362,100,13070.35334,10000,187408,10010,10011,10011,74.21501443,167.2424339,0,1.44,981.5,792.581,,0,3925.5,,,98.49,2048,,,99.89,4096,72.2,,99.89,4096,48.85,,3.88,3.96,4.41,0,0,0,0,0,0,0,0,0,0.13,0.03,0.01
1G,https_transformation.bal,default,1000,102400,500,14526583,14526583,100,40.94894925,0,1594,91,117,178,16139.14146,36565.24237,0,?,-2199023255552,,,?,-2199023255552,,,99.85,2048,,,88.9,4096,40.8,,88.45,4096,25.967,,0,0.06,1.15,0,0,0,0.09,0.14,0.09,276.57,269.43,195.39,233.47,237.18,179.27
1G,https_transformation.bal,default,1000,102400,1000,70524,70524,100,12008.71586,10000,187403,10011,10011,10011,77.65908363,174.9052921,0,3.36,981.5,787.625,,0,3925.5,,,98.72,2048,,,99.89,4096,98.75,,99.89,4096,63.05,,0,1.07,1.73,0,0,0,0,0,0.17,0,0.15,17.97,0.06,0.15,16.6
1G,https_transformation.bal,default,2000,50,0,8384606,0,0,214.3754476,5,912,319,363,445,9320.01903,1956.839933,2138.871555,87.45,1008.5,141.343,,99.9,4001,,,99.84,2048,,,99.35,4096,40.5,,99.37,4096,36.75,,10.31,10.67,10.16,2.97,2.63,1.84,0.02,0.06,0.06,6.47,4.02,2.83,3.46,3.27,2.52
1G,https_transformation.bal,default,2000,50,30,8573053,0,0,209.7765385,42,792,313,351,398,9524.55616,1999.784741,2185.811228,87.21,1009,137.535,,99.89,4000.5,,,99.82,2048,,,99.35,4096,36.7,,99.36,4096,35.9,,10.47,10.47,9.29,4.24,1.89,1.46,0.08,0.09,0.15,3.57,3.18,2.51,4.86,3.71,2.84
1G,https_transformation.bal,default,2000,50,500,3551452,0,0,505.4372431,500,1115,510,526,559,3953.560758,830.0933231,907.3113067,95.92,1002,20.44,,99.91,3925.5,,,99.8,2048,,,99.69,4096,37.5,,99.72,4096,34.35,,3.12,2.58,3.49,0.26,0.34,0.48,0.11,0.05,0.14,0.05,0.3,0.66,0.07,0.19,0.63
1G,https_transformation.bal,default,2000,50,1000,1793947,0,0,1002.20784,1000,1219,1009,1019,1036,1993.219077,418.4981461,457.4282062,97.96,997.5,20.796,,99.93,3925.5,,,99.72,2048,,,99.82,4096,35.7,,99.82,4096,34.85,,0.8,1.1,1.55,0.07,0.09,0.15,0,0.01,0.07,0.3,0.21,0.27,0.46,0.2,0.23
1G,https_transformation.bal,default,2000,1024,0,5067058,0,0,354.3681657,38,1258,505,564,666,5639.846445,10690.373,6669.77934,77.18,1003,182.131,,99.9,4003,,,99.85,2048,,,99.56,4096,37.3,,99.54,4096,40.2,,15.4,13.07,9.46,0.17,0.44,0.55,0.02,0.02,0.05,1.16,1.07,0.99,2.01,1.97,1.53
1G,https_transformation.bal,default,2000,1024,30,5098530,0,0,352.1004748,56,1183,474,517.95,565.99,5675.817386,10758.5562,6712.319194,77.75,1003,180.915,,99.9,4000.5,,,99.85,2048,,,99.55,4096,38.7,,99.55,4096,39.35,,15.6,13.68,11.3,0.77,0.89,0.87,0,0.03,0.09,1.35,1.34,1.23,2.58,1.64,1.46
1G,https_transformation.bal,default,2000,1024,500,3411428,0,0,526.6441602,500,1253,642,704.95,876.99,3794.670775,7192.828127,4487.642879,86.34,994,177.13,,99.9,3925.5,,,99.81,2048,,,99.67,4096,39.35,,99.69,4096,38.35,,3.95,4.02,5.05,0.55,0.41,0.4,0.05,0.03,0.09,1.29,1.6,1.27,0.62,0.55,0.7
1G,https_transformation.bal,default,2000,1024,1000,1773676,0,0,1013.211301,1001,1639,1036,1058,1079,1972.0724,3738.07864,2332.206715,92.91,989.5,174.508,,99.92,3925.5,,,99.74,2048,,,99.81,4096,36.4,,99.8,4096,36.05,,1.89,1.93,2.4,0.29,0.27,0.21,0.01,0.03,0.07,0.68,0.43,0.49,0.46,0.3,0.36
1G,https_transformation.bal,default,2000,10240,0,362164,0,0,4957.169001,481,11143,6280.9,7527,7937.99,402.4402169,7184.581273,4098.287678,32.61,981.5,478.67,,99.93,3925.5,,,99.35,2048,,,99.89,4096,34.35,,99.89,4096,34.95,,7.88,10.03,8.58,0.02,0.01,0.03,0,0,0.04,0,0.03,0.14,1.06,0.39,0.25
1G,https_transformation.bal,default,2000,10240,30,367581,1,0.0002720489,4867.639092,575,10795,5913.8,7038,7483,409.7002324,7314.172736,4172.220726,26.96,981.5,485.146,,99.93,3925.5,,,99.53,2048,,,99.9,4096,34.35,,99.88,4096,35.15,,7.65,7.51,7.69,0.01,0.03,0,0,0,0,0.43,0.21,0.13,0.12,0.1,0.12
1G,https_transformation.bal,default,2000,10240,500,329034,0,0,5458.301267,694,12311,7265.3,7821,8318.99,365.0364499,6516.819645,3717.38291,30.49,981.5,496.267,,99.93,3925.5,,,99.49,2048,,,99.89,4096,35.65,,99.89,4096,34.3,,9.8,10.59,10.55,0.03,0.03,0,0,0,0,0.12,0.11,0.09,0.11,0.1,0.09
1G,https_transformation.bal,default,2000,10240,1000,347439,0,0,5172.468779,1747,12004,6179.8,7398,7767,385.1395392,6875.718706,3922.104604,27.2,981.5,494.986,,99.93,3925.5,,,99.53,2048,,,99.89,4096,35.15,,99.89,4096,34.45,,4.94,8.13,9.09,0.16,0.44,1.92,0,0,0,0.59,0.2,0.14,0.13,0.19,0.17
1G,https_transformation.bal,default,2000,102400,0,161917,161917,100,10985.31669,10000,187405,10010,10011,10011,178.2873439,401.3399847,0,1.14,981.5,794.56,,0,3925.5,,,98.87,2048,,,99.77,4096,151.9,,99.77,4096,135.35,,3.74,3.82,3.41,0,0,0,0,0,0.03,0.08,0.02,4.32,0.06,0.01,3.99
1G,https_transformation.bal,default,2000,102400,30,13520368,13520368,100,77.19438391,0,2335,248,444,593.99,15020.11107,34029.93914,0,?,-2199023255552,,,?,-2199023255552,,,99.85,2048,,,88.09,4096,34.95,,87.54,4096,23.95,,0,0.06,0.93,0,0,0,0.22,0.2,0.12,351.72,355.29,270.06,299.57,331.34,248.61
1G,https_transformation.bal,default,2000,102400,500,241025,241025,100,7153.936256,9,187405,10441.7,12805,14506.98,267.5314844,608.2423116,0,40.61,1008,770.183,,0,3925.5,,,99.4,2048,,,99.49,4096,102.75,,99.47,4096,220.5,,7.57,6.93,4.65,0,0,0,0,0.01,0.18,0.07,0.39,27.18,0.18,0.39,25.12
1G,https_transformation.bal,default,2000,102400,1000,158317,158317,100,11745.63373,9999,187458,10011,180069,187169,146.0567078,328.9099559,0,1.01,981.5,794.776,,0,3925.5,,,99.11,2048,,,99.82,4096,83.65,,99.8,4096,151.2,,3.86,3.91,4,0,0,0,0.01,0.01,0.02,0.07,0.06,5.4,0,0,4.97